product_id,branch_id,stock_ids,batch_ids,shortfall_ids,aggregate_before,batch_before,active_deficit,written_off_deficit,arithmetic_target_only,drift,proposed_physical_qty,action,confidence
1737,2,[1047],[1568],null,1000,1100,0,0,1100,-100,PENDING_COUNT,APPROVED_RECOUNT_REQUIRED,HIGH_DRIFT_LOW_PHYSICAL_QTY
2082,2,[2212],[5606],null,400,500,0,0,500,-100,PENDING_COUNT,APPROVED_RECOUNT_REQUIRED,HIGH_DRIFT_LOW_PHYSICAL_QTY
2087,2,[2030],[6332],[1763],-100,20,20,0,0,-100,PENDING_COUNT,APPROVED_RECOUNT_REQUIRED,HIGH_DRIFT_LOW_PHYSICAL_QTY
2207,2,[2038],null,"[25, 944]",-300,0,200,0,-200,-100,PENDING_COUNT,APPROVED_RECOUNT_REQUIRED,HIGH_DRIFT_LOW_PHYSICAL_QTY
2015,2,[2361],null,null,-100,0,0,0,0,-100,PENDING_COUNT,APPROVED_RECOUNT_REQUIRED,HIGH_DRIFT_LOW_PHYSICAL_QTY
1981,3,[1004],"[3590, 3617, 4521]",null,12,119,0,0,119,-107,PENDING_COUNT,APPROVED_RECOUNT_REQUIRED,HIGH_DRIFT_LOW_PHYSICAL_QTY
2017,4,[692],"[1419, 2234, 4324]",null,4,14,0,0,14,-10,PENDING_COUNT,APPROVED_RECOUNT_REQUIRED,HIGH_DRIFT_LOW_PHYSICAL_QTY
1609,3,[773],"[560, 1996, 2015, 2067, 2248, 2481, 2675, 3047, 3070, 3303, 3866, 4074, 4203, 4557, 4937, 5078, 5805, 5933, 5966, 5986, 6255]",null,80,90,0,0,90,-10,PENDING_COUNT,APPROVED_RECOUNT_REQUIRED,HIGH_DRIFT_LOW_PHYSICAL_QTY
2197,4,[706],"[1178, 2634, 5373]",null,21,32,0,0,32,-11,PENDING_COUNT,APPROVED_RECOUNT_REQUIRED,HIGH_DRIFT_LOW_PHYSICAL_QTY
2133,4,[639],"[1254, 2591]",null,0,11,0,0,11,-11,PENDING_COUNT,APPROVED_RECOUNT_REQUIRED,HIGH_DRIFT_LOW_PHYSICAL_QTY
1700,3,[1519],[3466],null,317,328,0,0,328,-11,PENDING_COUNT,APPROVED_RECOUNT_REQUIRED,HIGH_DRIFT_LOW_PHYSICAL_QTY
1718,3,[1035],"[3511, 5754]",null,8,19,0,0,19,-11,PENDING_COUNT,APPROVED_RECOUNT_REQUIRED,HIGH_DRIFT_LOW_PHYSICAL_QTY
1726,3,[1236],"[3515, 4244, 5226]",null,3,14,0,0,14,-11,PENDING_COUNT,APPROVED_RECOUNT_REQUIRED,HIGH_DRIFT_LOW_PHYSICAL_QTY
1889,3,[991],[3554],[1406],-12,0,1,0,-1,-11,PENDING_COUNT,APPROVED_RECOUNT_REQUIRED,HIGH_DRIFT_LOW_PHYSICAL_QTY
1896,3,[1198],"[3555, 4755]",null,-4,7,0,0,7,-11,PENDING_COUNT,APPROVED_RECOUNT_REQUIRED,HIGH_DRIFT_LOW_PHYSICAL_QTY
1884,2,[1394],"[1630, 5645]",null,180,300,0,0,300,-120,PENDING_COUNT,APPROVED_RECOUNT_REQUIRED,HIGH_DRIFT_LOW_PHYSICAL_QTY
1897,2,[1754],[1635],[1703],-144,0,24,0,-24,-120,PENDING_COUNT,APPROVED_RECOUNT_REQUIRED,HIGH_DRIFT_LOW_PHYSICAL_QTY
2054,2,[1759],[1651],null,480,600,0,0,600,-120,PENDING_COUNT,APPROVED_RECOUNT_REQUIRED,HIGH_DRIFT_LOW_PHYSICAL_QTY
2681,2,[2241],null,null,-120,0,0,0,0,-120,PENDING_COUNT,APPROVED_RECOUNT_REQUIRED,HIGH_DRIFT_LOW_PHYSICAL_QTY
1682,3,[786],"[1978, 2057, 2195, 2246, 2476, 3319, 3339, 3874, 4213, 4695, 4913, 5778, 6215]",null,18,141,0,0,141,-123,PENDING_COUNT,APPROVED_RECOUNT_REQUIRED,HIGH_DRIFT_LOW_PHYSICAL_QTY
1776,4,[829],"[1302, 2683, 3817, 5556, 5955]",null,27,39,0,0,39,-12,PENDING_COUNT,APPROVED_RECOUNT_REQUIRED,HIGH_DRIFT_LOW_PHYSICAL_QTY
1780,4,[883],"[1305, 2702, 2976]",null,0,12,0,0,12,-12,PENDING_COUNT,APPROVED_RECOUNT_REQUIRED,HIGH_DRIFT_LOW_PHYSICAL_QTY
1697,2,[1702],"[1544, 6014]",null,312,324,0,0,324,-12,PENDING_COUNT,APPROVED_RECOUNT_REQUIRED,HIGH_DRIFT_LOW_PHYSICAL_QTY
1698,2,[1703],"[1545, 6015]",null,451,463,0,0,463,-12,PENDING_COUNT,APPROVED_RECOUNT_REQUIRED,HIGH_DRIFT_LOW_PHYSICAL_QTY
1700,2,[1705],[1547],null,252,264,0,0,264,-12,PENDING_COUNT,APPROVED_RECOUNT_REQUIRED,HIGH_DRIFT_LOW_PHYSICAL_QTY
1702,2,[1707],"[1549, 5687, 5688, 6017]",null,472,484,0,0,484,-12,PENDING_COUNT,APPROVED_RECOUNT_REQUIRED,HIGH_DRIFT_LOW_PHYSICAL_QTY
1776,2,[1743],"[1600, 5698]",null,516,528,0,0,528,-12,PENDING_COUNT,APPROVED_RECOUNT_REQUIRED,HIGH_DRIFT_LOW_PHYSICAL_QTY
2093,2,[1763],[1660],null,-12,0,0,0,0,-12,PENDING_COUNT,APPROVED_RECOUNT_REQUIRED,HIGH_DRIFT_LOW_PHYSICAL_QTY
2127,2,[1366],[1682],"[633, 1238, 1398]",-108,0,96,0,-96,-12,PENDING_COUNT,APPROVED_RECOUNT_REQUIRED,HIGH_DRIFT_LOW_PHYSICAL_QTY
2131,2,[1367],[1684],null,-12,0,0,0,0,-12,PENDING_COUNT,APPROVED_RECOUNT_REQUIRED,HIGH_DRIFT_LOW_PHYSICAL_QTY
2605,2,[1078],[1755],null,-6,6,0,0,6,-12,PENDING_COUNT,APPROVED_RECOUNT_REQUIRED,HIGH_DRIFT_LOW_PHYSICAL_QTY
1676,3,[1438],[3426],null,62,74,0,0,74,-12,PENDING_COUNT,APPROVED_RECOUNT_REQUIRED,HIGH_DRIFT_LOW_PHYSICAL_QTY
1838,3,[1013],[3534],null,0,12,0,0,12,-12,PENDING_COUNT,APPROVED_RECOUNT_REQUIRED,HIGH_DRIFT_LOW_PHYSICAL_QTY
1572,4,[697],"[614, 668, 810, 2215, 2745, 2905, 2915, 3116, 4627, 5472, 5487, 6048]",null,13,25,0,0,25,-12,PENDING_COUNT,APPROVED_RECOUNT_REQUIRED,HIGH_DRIFT_LOW_PHYSICAL_QTY
2022,4,[997],"[717, 801]",null,0,12,0,0,12,-12,PENDING_COUNT,APPROVED_RECOUNT_REQUIRED,HIGH_DRIFT_LOW_PHYSICAL_QTY
1777,4,[671],"[840, 1303, 1855, 2177, 2662, 2684, 5941]",null,11,23,0,0,23,-12,PENDING_COUNT,APPROVED_RECOUNT_REQUIRED,HIGH_DRIFT_LOW_PHYSICAL_QTY
2136,4,[586],"[1258, 1348, 3822, 5042, 5943]",null,14,27,0,0,27,-13,PENDING_COUNT,APPROVED_RECOUNT_REQUIRED,HIGH_DRIFT_LOW_PHYSICAL_QTY
2030,4,[621],"[1439, 2604, 3236]",null,18,31,0,0,31,-13,PENDING_COUNT,APPROVED_RECOUNT_REQUIRED,HIGH_DRIFT_LOW_PHYSICAL_QTY
1694,3,[2063],[3460],null,0,13,0,0,13,-13,PENDING_COUNT,APPROVED_RECOUNT_REQUIRED,HIGH_DRIFT_LOW_PHYSICAL_QTY
1702,3,[1426],[3468],null,13,26,0,0,26,-13,PENDING_COUNT,APPROVED_RECOUNT_REQUIRED,HIGH_DRIFT_LOW_PHYSICAL_QTY
1716,3,[1294],"[3507, 4581]",null,3,16,0,0,16,-13,PENDING_COUNT,APPROVED_RECOUNT_REQUIRED,HIGH_DRIFT_LOW_PHYSICAL_QTY
1771,4,[640],"[613, 839, 895, 1298, 3195]",null,0,13,0,0,13,-13,PENDING_COUNT,APPROVED_RECOUNT_REQUIRED,HIGH_DRIFT_LOW_PHYSICAL_QTY
1865,4,[599],"[615, 860, 938, 1026, 2237, 2802, 2924, 2940, 3208]",null,11,24,0,0,24,-13,PENDING_COUNT,APPROVED_RECOUNT_REQUIRED,HIGH_DRIFT_LOW_PHYSICAL_QTY
2034,4,[685],"[890, 1239, 2178, 2975, 4084, 4670]",null,8,21,0,0,21,-13,PENDING_COUNT,APPROVED_RECOUNT_REQUIRED,HIGH_DRIFT_LOW_PHYSICAL_QTY
1648,2,[1395],"[1533, 5654, 6329]",null,350,1750,0,0,1750,-1400,PENDING_COUNT,APPROVED_RECOUNT_REQUIRED,HIGH_DRIFT_LOW_PHYSICAL_QTY
1667,2,[2337],null,null,-140,0,0,0,0,-140,PENDING_COUNT,APPROVED_RECOUNT_REQUIRED,HIGH_DRIFT_LOW_PHYSICAL_QTY
1669,2,[2339],null,null,-140,0,0,0,0,-140,PENDING_COUNT,APPROVED_RECOUNT_REQUIRED,HIGH_DRIFT_LOW_PHYSICAL_QTY
2535,4,[619],"[586, 790, 957, 1400, 2094, 2686, 3828, 4291, 5048, 6293]",null,90,237,0,0,237,-147,PENDING_COUNT,APPROVED_RECOUNT_REQUIRED,HIGH_DRIFT_LOW_PHYSICAL_QTY
1746,3,[1121],"[3451, 3910]",null,25,39,0,0,39,-14,PENDING_COUNT,APPROVED_RECOUNT_REQUIRED,HIGH_DRIFT_LOW_PHYSICAL_QTY
1742,4,[645],"[656, 835, 1009, 2090, 2116]",null,0,14,0,0,14,-14,PENDING_COUNT,APPROVED_RECOUNT_REQUIRED,HIGH_DRIFT_LOW_PHYSICAL_QTY
1758,4,[649],"[837, 999, 4387]",null,13,27,0,0,27,-14,PENDING_COUNT,APPROVED_RECOUNT_REQUIRED,HIGH_DRIFT_LOW_PHYSICAL_QTY
1978,4,[582],null,null,-14,0,0,0,0,-14,PENDING_COUNT,APPROVED_RECOUNT_REQUIRED,HIGH_DRIFT_LOW_PHYSICAL_QTY
1762,4,[650],"[1001, 1397, 2850]",null,15,30,0,0,30,-15,PENDING_COUNT,APPROVED_RECOUNT_REQUIRED,HIGH_DRIFT_LOW_PHYSICAL_QTY
2524,4,[607],"[1099, 1347, 2961, 5394]",null,17,32,0,0,32,-15,PENDING_COUNT,APPROVED_RECOUNT_REQUIRED,HIGH_DRIFT_LOW_PHYSICAL_QTY
1774,4,[772],[1301],null,0,15,0,0,15,-15,PENDING_COUNT,APPROVED_RECOUNT_REQUIRED,HIGH_DRIFT_LOW_PHYSICAL_QTY
1750,3,[1307],"[2566, 3483, 3914]",null,5,20,0,0,20,-15,PENDING_COUNT,APPROVED_RECOUNT_REQUIRED,HIGH_DRIFT_LOW_PHYSICAL_QTY
2033,4,[579],"[754, 800, 1238, 1345, 2973, 4299]",null,15,30,0,0,30,-15,PENDING_COUNT,APPROVED_RECOUNT_REQUIRED,HIGH_DRIFT_LOW_PHYSICAL_QTY
2523,4,[608],"[893, 1098, 5392]",null,31,46,0,0,46,-15,PENDING_COUNT,APPROVED_RECOUNT_REQUIRED,HIGH_DRIFT_LOW_PHYSICAL_QTY
1575,4,[836],"[908, 1206, 2908, 2916, 2938, 3117, 4314]",null,7,22,0,0,22,-15,PENDING_COUNT,APPROVED_RECOUNT_REQUIRED,HIGH_DRIFT_LOW_PHYSICAL_QTY
2661,3,[1952],"[2493, 3596, 3614, 4273, 4511, 4519]",null,697,2393,0,0,2393,-1696,PENDING_COUNT,APPROVED_RECOUNT_REQUIRED,HIGH_DRIFT_LOW_PHYSICAL_QTY
2140,4,[665],"[709, 940, 1274, 2783, 2867, 2919, 6056]",null,4,20,0,0,20,-16,PENDING_COUNT,APPROVED_RECOUNT_REQUIRED,HIGH_DRIFT_LOW_PHYSICAL_QTY
2596,4,[1056],[1415],null,0,17,0,0,17,-17,PENDING_COUNT,APPROVED_RECOUNT_REQUIRED,HIGH_DRIFT_LOW_PHYSICAL_QTY
1749,3,[1306],"[2567, 3482, 3913]",null,8,25,0,0,25,-17,PENDING_COUNT,APPROVED_RECOUNT_REQUIRED,HIGH_DRIFT_LOW_PHYSICAL_QTY
1757,3,[1106],"[3454, 4257, 5236, 5279]",null,13,30,0,0,30,-17,PENDING_COUNT,APPROVED_RECOUNT_REQUIRED,HIGH_DRIFT_LOW_PHYSICAL_QTY
1797,3,[1038],[3503],null,0,17,0,0,17,-17,PENDING_COUNT,APPROVED_RECOUNT_REQUIRED,HIGH_DRIFT_LOW_PHYSICAL_QTY
1883,2,[1393],"[1629, 5644]",null,180,360,0,0,360,-180,PENDING_COUNT,APPROVED_RECOUNT_REQUIRED,HIGH_DRIFT_LOW_PHYSICAL_QTY
2603,2,[1076],[1754],"[1327, 1368, 1393, 1491, 1656]",-198,0,180,0,-180,-18,PENDING_COUNT,APPROVED_RECOUNT_REQUIRED,HIGH_DRIFT_LOW_PHYSICAL_QTY
1891,3,[1955],"[1859, 3549]",null,0,18,0,0,18,-18,PENDING_COUNT,APPROVED_RECOUNT_REQUIRED,HIGH_DRIFT_LOW_PHYSICAL_QTY
1715,3,[956],"[2001, 3506]",null,0,18,0,0,18,-18,PENDING_COUNT,APPROVED_RECOUNT_REQUIRED,HIGH_DRIFT_LOW_PHYSICAL_QTY
1703,4,[610],"[731, 841, 2581, 3186, 3833, 5550]",null,9,27,0,0,27,-18,PENDING_COUNT,APPROVED_RECOUNT_REQUIRED,HIGH_DRIFT_LOW_PHYSICAL_QTY
2289,2,[1050],null,null,-18,0,0,0,0,-18,PENDING_COUNT,APPROVED_RECOUNT_REQUIRED,HIGH_DRIFT_LOW_PHYSICAL_QTY
2287,2,[912],null,null,-18,0,0,0,0,-18,PENDING_COUNT,APPROVED_RECOUNT_REQUIRED,HIGH_DRIFT_LOW_PHYSICAL_QTY
2435,2,[1815],"[1779, 5669]",null,48,240,0,0,240,-192,PENDING_COUNT,APPROVED_RECOUNT_REQUIRED,HIGH_DRIFT_LOW_PHYSICAL_QTY
2014,4,[642],"[629, 762, 879, 1418, 2233, 2923, 3862, 4322, 6230]",null,12,31,0,0,31,-19,PENDING_COUNT,APPROVED_RECOUNT_REQUIRED,HIGH_DRIFT_LOW_PHYSICAL_QTY
2387,4,[701],"[722, 854, 2219, 2547, 2803, 2895, 3213, 3402, 5474, 6055]",null,5,24,0,0,24,-19,PENDING_COUNT,APPROVED_RECOUNT_REQUIRED,HIGH_DRIFT_LOW_PHYSICAL_QTY
1738,4,[1061],"[1005, 3281]",null,2,3,0,0,3,-1,PENDING_COUNT,APPROVED_RECOUNT_REQUIRED,HIGH_DRIFT_LOW_PHYSICAL_QTY
1739,4,[1124],"[1006, 3279]",null,13,14,0,0,14,-1,PENDING_COUNT,APPROVED_RECOUNT_REQUIRED,HIGH_DRIFT_LOW_PHYSICAL_QTY
1744,4,[1059],[1010],null,12,13,0,0,13,-1,PENDING_COUNT,APPROVED_RECOUNT_REQUIRED,HIGH_DRIFT_LOW_PHYSICAL_QTY
1747,4,[716],[1013],null,5,6,0,0,6,-1,PENDING_COUNT,APPROVED_RECOUNT_REQUIRED,HIGH_DRIFT_LOW_PHYSICAL_QTY
1750,4,[700],"[1016, 4373]",null,3,4,0,0,4,-1,PENDING_COUNT,APPROVED_RECOUNT_REQUIRED,HIGH_DRIFT_LOW_PHYSICAL_QTY
1784,4,[810],[1019],null,8,9,0,0,9,-1,PENDING_COUNT,APPROVED_RECOUNT_REQUIRED,HIGH_DRIFT_LOW_PHYSICAL_QTY
1785,4,[844],[1022],null,2,3,0,0,3,-1,PENDING_COUNT,APPROVED_RECOUNT_REQUIRED,HIGH_DRIFT_LOW_PHYSICAL_QTY
1868,4,[1434],[1029],null,0,1,0,0,1,-1,PENDING_COUNT,APPROVED_RECOUNT_REQUIRED,HIGH_DRIFT_LOW_PHYSICAL_QTY
2081,4,[861],[1034],null,1,2,0,0,2,-1,PENDING_COUNT,APPROVED_RECOUNT_REQUIRED,HIGH_DRIFT_LOW_PHYSICAL_QTY
2533,4,[1054],"[1058, 1391]",null,13,14,0,0,14,-1,PENDING_COUNT,APPROVED_RECOUNT_REQUIRED,HIGH_DRIFT_LOW_PHYSICAL_QTY
2308,4,[1354],"[1066, 4690]",null,7,8,0,0,8,-1,PENDING_COUNT,APPROVED_RECOUNT_REQUIRED,HIGH_DRIFT_LOW_PHYSICAL_QTY
2522,4,[824],[1096],null,0,1,0,0,1,-1,PENDING_COUNT,APPROVED_RECOUNT_REQUIRED,HIGH_DRIFT_LOW_PHYSICAL_QTY
1829,4,[837],"[1113, 2796, 4029]",null,3,4,0,0,4,-1,PENDING_COUNT,APPROVED_RECOUNT_REQUIRED,HIGH_DRIFT_LOW_PHYSICAL_QTY
2244,4,[1152],[1130],null,8,9,0,0,9,-1,PENDING_COUNT,APPROVED_RECOUNT_REQUIRED,HIGH_DRIFT_LOW_PHYSICAL_QTY
2259,4,[1132],"[1133, 3106]",null,2,3,0,0,3,-1,PENDING_COUNT,APPROVED_RECOUNT_REQUIRED,HIGH_DRIFT_LOW_PHYSICAL_QTY
2268,4,[1541],"[1141, 3294]",null,0,1,0,0,1,-1,PENDING_COUNT,APPROVED_RECOUNT_REQUIRED,HIGH_DRIFT_LOW_PHYSICAL_QTY
2270,4,[885],"[1143, 1352, 2161]",null,0,1,0,0,1,-1,PENDING_COUNT,APPROVED_RECOUNT_REQUIRED,HIGH_DRIFT_LOW_PHYSICAL_QTY
2273,4,[1436],"[1146, 1351, 2147, 4284, 5408]",null,2,3,0,0,3,-1,PENDING_COUNT,APPROVED_RECOUNT_REQUIRED,HIGH_DRIFT_LOW_PHYSICAL_QTY
2279,4,[1435],[1150],null,0,1,0,0,1,-1,PENDING_COUNT,APPROVED_RECOUNT_REQUIRED,HIGH_DRIFT_LOW_PHYSICAL_QTY
2409,4,[1100],"[1163, 2870]",null,7,8,0,0,8,-1,PENDING_COUNT,APPROVED_RECOUNT_REQUIRED,HIGH_DRIFT_LOW_PHYSICAL_QTY
1925,4,[1060],[1190],null,0,1,0,0,1,-1,PENDING_COUNT,APPROVED_RECOUNT_REQUIRED,HIGH_DRIFT_LOW_PHYSICAL_QTY
1634,4,[687],[1214],null,0,1,0,0,1,-1,PENDING_COUNT,APPROVED_RECOUNT_REQUIRED,HIGH_DRIFT_LOW_PHYSICAL_QTY
1624,4,[1114],[1219],null,5,6,0,0,6,-1,PENDING_COUNT,APPROVED_RECOUNT_REQUIRED,HIGH_DRIFT_LOW_PHYSICAL_QTY
2041,4,[1579],"[1234, 2640, 2912]",null,2,3,0,0,3,-1,PENDING_COUNT,APPROVED_RECOUNT_REQUIRED,HIGH_DRIFT_LOW_PHYSICAL_QTY
2045,4,[1123],"[1237, 2818, 4638]",null,2,3,0,0,3,-1,PENDING_COUNT,APPROVED_RECOUNT_REQUIRED,HIGH_DRIFT_LOW_PHYSICAL_QTY
2122,4,[614],"[1245, 4481]",null,10,11,0,0,11,-1,PENDING_COUNT,APPROVED_RECOUNT_REQUIRED,HIGH_DRIFT_LOW_PHYSICAL_QTY
2128,4,[841],[1249],null,8,9,0,0,9,-1,PENDING_COUNT,APPROVED_RECOUNT_REQUIRED,HIGH_DRIFT_LOW_PHYSICAL_QTY
1768,4,[1136],[1295],null,3,4,0,0,4,-1,PENDING_COUNT,APPROVED_RECOUNT_REQUIRED,HIGH_DRIFT_LOW_PHYSICAL_QTY
1770,4,[1138],[1297],null,6,7,0,0,7,-1,PENDING_COUNT,APPROVED_RECOUNT_REQUIRED,HIGH_DRIFT_LOW_PHYSICAL_QTY
1772,4,[1146],"[1299, 4388]",null,22,23,0,0,23,-1,PENDING_COUNT,APPROVED_RECOUNT_REQUIRED,HIGH_DRIFT_LOW_PHYSICAL_QTY
1766,4,[1134],[1307],null,16,17,0,0,17,-1,PENDING_COUNT,APPROVED_RECOUNT_REQUIRED,HIGH_DRIFT_LOW_PHYSICAL_QTY
1697,4,[723],[1375],null,0,1,0,0,1,-1,PENDING_COUNT,APPROVED_RECOUNT_REQUIRED,HIGH_DRIFT_LOW_PHYSICAL_QTY
1679,4,[1444],[1384],null,0,1,0,0,1,-1,PENDING_COUNT,APPROVED_RECOUNT_REQUIRED,HIGH_DRIFT_LOW_PHYSICAL_QTY
1721,4,[730],[1409],null,0,1,0,0,1,-1,PENDING_COUNT,APPROVED_RECOUNT_REQUIRED,HIGH_DRIFT_LOW_PHYSICAL_QTY
1882,2,[1753],"[1628, 5646]",null,2,3,0,0,3,-1,PENDING_COUNT,APPROVED_RECOUNT_REQUIRED,HIGH_DRIFT_LOW_PHYSICAL_QTY
2597,2,[1071],[1747],"[1231, 1648, 1780]",-18,0,17,0,-17,-1,PENDING_COUNT,APPROVED_RECOUNT_REQUIRED,HIGH_DRIFT_LOW_PHYSICAL_QTY
2600,2,[1072],"[1748, 4758]",[1232],-17,0,16,0,-16,-1,PENDING_COUNT,APPROVED_RECOUNT_REQUIRED,HIGH_DRIFT_LOW_PHYSICAL_QTY
2602,2,[1075],[1751],"[890, 1226, 1235, 1651, 1722]",-22,0,21,0,-21,-1,PENDING_COUNT,APPROVED_RECOUNT_REQUIRED,HIGH_DRIFT_LOW_PHYSICAL_QTY
2582,2,[1328],[1763],null,-1,0,0,0,0,-1,PENDING_COUNT,APPROVED_RECOUNT_REQUIRED,HIGH_DRIFT_LOW_PHYSICAL_QTY
1588,3,[1638],"[1875, 4106]",null,7,8,0,0,8,-1,PENDING_COUNT,APPROVED_RECOUNT_REQUIRED,HIGH_DRIFT_LOW_PHYSICAL_QTY
1600,3,[1439],[1898],null,0,1,0,0,1,-1,PENDING_COUNT,APPROVED_RECOUNT_REQUIRED,HIGH_DRIFT_LOW_PHYSICAL_QTY
1651,3,[733],"[1903, 2494]",null,7,8,0,0,8,-1,PENDING_COUNT,APPROVED_RECOUNT_REQUIRED,HIGH_DRIFT_LOW_PHYSICAL_QTY
1659,3,[1957],[1911],null,2,3,0,0,3,-1,PENDING_COUNT,APPROVED_RECOUNT_REQUIRED,HIGH_DRIFT_LOW_PHYSICAL_QTY
2189,3,[1225],[1938],null,0,1,0,0,1,-1,PENDING_COUNT,APPROVED_RECOUNT_REQUIRED,HIGH_DRIFT_LOW_PHYSICAL_QTY
2190,3,[1224],[1939],null,0,1,0,0,1,-1,PENDING_COUNT,APPROVED_RECOUNT_REQUIRED,HIGH_DRIFT_LOW_PHYSICAL_QTY
1914,3,[1179],[1971],null,0,1,0,0,1,-1,PENDING_COUNT,APPROVED_RECOUNT_REQUIRED,HIGH_DRIFT_LOW_PHYSICAL_QTY
2320,3,[2079],[2412],null,3,4,0,0,4,-1,PENDING_COUNT,APPROVED_RECOUNT_REQUIRED,HIGH_DRIFT_LOW_PHYSICAL_QTY
1743,4,[2083],"[2617, 3280]",null,9,10,0,0,10,-1,PENDING_COUNT,APPROVED_RECOUNT_REQUIRED,HIGH_DRIFT_LOW_PHYSICAL_QTY
1573,1,[2128],[2706],null,-1,0,0,0,0,-1,PENDING_COUNT,APPROVED_RECOUNT_REQUIRED,HIGH_DRIFT_LOW_PHYSICAL_QTY
1575,1,[2129],[2707],null,0,1,0,0,1,-1,PENDING_COUNT,APPROVED_RECOUNT_REQUIRED,HIGH_DRIFT_LOW_PHYSICAL_QTY
2692,4,[2147],[2715],null,11,12,0,0,12,-1,PENDING_COUNT,APPROVED_RECOUNT_REQUIRED,HIGH_DRIFT_LOW_PHYSICAL_QTY
2700,4,[2134],[2730],null,7,8,0,0,8,-1,PENDING_COUNT,APPROVED_RECOUNT_REQUIRED,HIGH_DRIFT_LOW_PHYSICAL_QTY
2702,4,[2136],[2732],null,9,10,0,0,10,-1,PENDING_COUNT,APPROVED_RECOUNT_REQUIRED,HIGH_DRIFT_LOW_PHYSICAL_QTY
2513,4,[2145],"[2791, 5478]",null,0,1,0,0,1,-1,PENDING_COUNT,APPROVED_RECOUNT_REQUIRED,HIGH_DRIFT_LOW_PHYSICAL_QTY
2655,4,[1884],[3175],null,0,1,0,0,1,-1,PENDING_COUNT,APPROVED_RECOUNT_REQUIRED,HIGH_DRIFT_LOW_PHYSICAL_QTY
2183,4,[1153],"[3256, 5424, 5892]",null,1,2,0,0,2,-1,PENDING_COUNT,APPROVED_RECOUNT_REQUIRED,HIGH_DRIFT_LOW_PHYSICAL_QTY
1934,4,[1158],[3271],null,1,2,0,0,2,-1,PENDING_COUNT,APPROVED_RECOUNT_REQUIRED,HIGH_DRIFT_LOW_PHYSICAL_QTY
1674,3,[2218],"[3424, 3429]",null,649,650,0,0,650,-1,PENDING_COUNT,APPROVED_RECOUNT_REQUIRED,HIGH_DRIFT_LOW_PHYSICAL_QTY
1763,3,[1182],"[3459, 5233, 5277, 5735]",null,42,43,0,0,43,-1,PENDING_COUNT,APPROVED_RECOUNT_REQUIRED,HIGH_DRIFT_LOW_PHYSICAL_QTY
1710,3,[2107],[3476],null,0,1,0,0,1,-1,PENDING_COUNT,APPROVED_RECOUNT_REQUIRED,HIGH_DRIFT_LOW_PHYSICAL_QTY
1766,3,[1202],"[3484, 6141]",null,1,2,0,0,2,-1,PENDING_COUNT,APPROVED_RECOUNT_REQUIRED,HIGH_DRIFT_LOW_PHYSICAL_QTY
1769,3,[1442],[3487],null,10,11,0,0,11,-1,PENDING_COUNT,APPROVED_RECOUNT_REQUIRED,HIGH_DRIFT_LOW_PHYSICAL_QTY
2182,3,[1941],"[3489, 4712]",null,1,2,0,0,2,-1,PENDING_COUNT,APPROVED_RECOUNT_REQUIRED,HIGH_DRIFT_LOW_PHYSICAL_QTY
1958,3,[2191],[3570],null,0,1,0,0,1,-1,PENDING_COUNT,APPROVED_RECOUNT_REQUIRED,HIGH_DRIFT_LOW_PHYSICAL_QTY
1946,3,[1529],[3582],null,0,1,0,0,1,-1,PENDING_COUNT,APPROVED_RECOUNT_REQUIRED,HIGH_DRIFT_LOW_PHYSICAL_QTY
1623,1,[2281],"[3830, 4745]",null,240,241,0,0,241,-1,PENDING_COUNT,APPROVED_RECOUNT_REQUIRED,HIGH_DRIFT_LOW_PHYSICAL_QTY
2703,3,[2358],"[4075, 4274]",null,18,19,0,0,19,-1,PENDING_COUNT,APPROVED_RECOUNT_REQUIRED,HIGH_DRIFT_LOW_PHYSICAL_QTY
1695,4,[1896],[5549],null,1,2,0,0,2,-1,PENDING_COUNT,APPROVED_RECOUNT_REQUIRED,HIGH_DRIFT_LOW_PHYSICAL_QTY
1710,4,[2146],[5551],null,0,1,0,0,1,-1,PENDING_COUNT,APPROVED_RECOUNT_REQUIRED,HIGH_DRIFT_LOW_PHYSICAL_QTY
2106,2,[2222],[5656],null,11,12,0,0,12,-1,PENDING_COUNT,APPROVED_RECOUNT_REQUIRED,HIGH_DRIFT_LOW_PHYSICAL_QTY
2659,2,[1894],[5662],null,4,5,0,0,5,-1,PENDING_COUNT,APPROVED_RECOUNT_REQUIRED,HIGH_DRIFT_LOW_PHYSICAL_QTY
2029,4,[887],"[583, 954, 4295, 5954]",null,33,34,0,0,34,-1,PENDING_COUNT,APPROVED_RECOUNT_REQUIRED,HIGH_DRIFT_LOW_PHYSICAL_QTY
2220,4,[839],"[599, 1053, 4956]",null,6,7,0,0,7,-1,PENDING_COUNT,APPROVED_RECOUNT_REQUIRED,HIGH_DRIFT_LOW_PHYSICAL_QTY
2300,4,[822],"[600, 1062]",null,0,1,0,0,1,-1,PENDING_COUNT,APPROVED_RECOUNT_REQUIRED,HIGH_DRIFT_LOW_PHYSICAL_QTY
1723,4,[618],"[634, 672, 2230]",null,0,1,0,0,1,-1,PENDING_COUNT,APPROVED_RECOUNT_REQUIRED,HIGH_DRIFT_LOW_PHYSICAL_QTY
2095,4,[584],"[669, 1038, 2168, 2943]",null,0,1,0,0,1,-1,PENDING_COUNT,APPROVED_RECOUNT_REQUIRED,HIGH_DRIFT_LOW_PHYSICAL_QTY
1807,4,[659],"[685, 967, 2221, 3110, 6054]",null,11,12,0,0,12,-1,PENDING_COUNT,APPROVED_RECOUNT_REQUIRED,HIGH_DRIFT_LOW_PHYSICAL_QTY
1964,4,[709],"[704, 1196, 2132, 2822]",null,1,2,0,0,2,-1,PENDING_COUNT,APPROVED_RECOUNT_REQUIRED,HIGH_DRIFT_LOW_PHYSICAL_QTY
2048,4,[845],"[711, 1312, 1365, 3850]",null,20,21,0,0,21,-1,PENDING_COUNT,APPROVED_RECOUNT_REQUIRED,HIGH_DRIFT_LOW_PHYSICAL_QTY
2291,4,[846],"[728, 1169, 2121, 2744, 4630, 5793]",null,8,9,0,0,9,-1,PENDING_COUNT,APPROVED_RECOUNT_REQUIRED,HIGH_DRIFT_LOW_PHYSICAL_QTY
1718,4,[646],"[733, 1282]",null,1,2,0,0,2,-1,PENDING_COUNT,APPROVED_RECOUNT_REQUIRED,HIGH_DRIFT_LOW_PHYSICAL_QTY
1984,4,[727],"[734, 1327, 2129, 2897, 4308, 5790, 6271]",null,2,3,0,0,3,-1,PENDING_COUNT,APPROVED_RECOUNT_REQUIRED,HIGH_DRIFT_LOW_PHYSICAL_QTY
1797,4,[985],"[737, 1416]",null,0,1,0,0,1,-1,PENDING_COUNT,APPROVED_RECOUNT_REQUIRED,HIGH_DRIFT_LOW_PHYSICAL_QTY
2272,4,[833],"[756, 1145, 1350, 1850, 2163, 2951, 2980, 4283, 5407, 5944, 6038, 6282]",null,5,6,0,0,6,-1,PENDING_COUNT,APPROVED_RECOUNT_REQUIRED,HIGH_DRIFT_LOW_PHYSICAL_QTY
2271,4,[851],"[757, 1144, 2162]",null,1,2,0,0,2,-1,PENDING_COUNT,APPROVED_RECOUNT_REQUIRED,HIGH_DRIFT_LOW_PHYSICAL_QTY
2316,4,[859],"[785, 1070]",null,3,4,0,0,4,-1,PENDING_COUNT,APPROVED_RECOUNT_REQUIRED,HIGH_DRIFT_LOW_PHYSICAL_QTY
2185,4,[1215],"[816, 2548, 2630, 6226]",null,1,2,0,0,2,-1,PENDING_COUNT,APPROVED_RECOUNT_REQUIRED,HIGH_DRIFT_LOW_PHYSICAL_QTY
2606,4,[1149],[817],null,3,4,0,0,4,-1,PENDING_COUNT,APPROVED_RECOUNT_REQUIRED,HIGH_DRIFT_LOW_PHYSICAL_QTY
2155,4,[609],"[820, 1261, 2651]",null,0,1,0,0,1,-1,PENDING_COUNT,APPROVED_RECOUNT_REQUIRED,HIGH_DRIFT_LOW_PHYSICAL_QTY
2153,4,[1150],"[822, 1259, 2117]",null,0,1,0,0,1,-1,PENDING_COUNT,APPROVED_RECOUNT_REQUIRED,HIGH_DRIFT_LOW_PHYSICAL_QTY
1800,4,[710],"[857, 1126]",null,2,3,0,0,3,-1,PENDING_COUNT,APPROVED_RECOUNT_REQUIRED,HIGH_DRIFT_LOW_PHYSICAL_QTY
2073,4,[853],"[864, 1032]",null,4,5,0,0,5,-1,PENDING_COUNT,APPROVED_RECOUNT_REQUIRED,HIGH_DRIFT_LOW_PHYSICAL_QTY
2267,4,[688],"[873, 1140]",null,0,1,0,0,1,-1,PENDING_COUNT,APPROVED_RECOUNT_REQUIRED,HIGH_DRIFT_LOW_PHYSICAL_QTY
1941,4,[1066],"[918, 1194, 3272]",null,1,2,0,0,2,-1,PENDING_COUNT,APPROVED_RECOUNT_REQUIRED,HIGH_DRIFT_LOW_PHYSICAL_QTY
2312,4,[1201],"[920, 1068, 4969]",null,4,5,0,0,5,-1,PENDING_COUNT,APPROVED_RECOUNT_REQUIRED,HIGH_DRIFT_LOW_PHYSICAL_QTY
2063,4,[1173],"[921, 1316]",null,3,4,0,0,4,-1,PENDING_COUNT,APPROVED_RECOUNT_REQUIRED,HIGH_DRIFT_LOW_PHYSICAL_QTY
2163,4,[855],"[937, 1267]",null,0,1,0,0,1,-1,PENDING_COUNT,APPROVED_RECOUNT_REQUIRED,HIGH_DRIFT_LOW_PHYSICAL_QTY
1585,4,[1175],[976],null,3,4,0,0,4,-1,PENDING_COUNT,APPROVED_RECOUNT_REQUIRED,HIGH_DRIFT_LOW_PHYSICAL_QTY
1597,4,[1174],"[978, 2889]",null,6,7,0,0,7,-1,PENDING_COUNT,APPROVED_RECOUNT_REQUIRED,HIGH_DRIFT_LOW_PHYSICAL_QTY
1675,4,[1313],"[991, 3233]",null,7,8,0,0,8,-1,PENDING_COUNT,APPROVED_RECOUNT_REQUIRED,HIGH_DRIFT_LOW_PHYSICAL_QTY
1675,3,[1254],null,null,-1,0,0,0,0,-1,PENDING_COUNT,APPROVED_RECOUNT_REQUIRED,HIGH_DRIFT_LOW_PHYSICAL_QTY
2715,3,[2283],null,null,-1,0,0,0,0,-1,PENDING_COUNT,APPROVED_RECOUNT_REQUIRED,HIGH_DRIFT_LOW_PHYSICAL_QTY
2292,3,[758],null,null,-1,0,0,0,0,-1,PENDING_COUNT,APPROVED_RECOUNT_REQUIRED,HIGH_DRIFT_LOW_PHYSICAL_QTY
1668,2,[2338],null,null,-200,0,0,0,0,-200,PENDING_COUNT,APPROVED_RECOUNT_REQUIRED,HIGH_DRIFT_LOW_PHYSICAL_QTY
1671,2,[2340],null,null,-200,0,0,0,0,-200,PENDING_COUNT,APPROVED_RECOUNT_REQUIRED,HIGH_DRIFT_LOW_PHYSICAL_QTY
2038,4,[652],"[1241, 1344, 2213, 2590, 2974, 3250, 3823, 4669]",null,8,28,0,0,28,-20,PENDING_COUNT,APPROVED_RECOUNT_REQUIRED,HIGH_DRIFT_LOW_PHYSICAL_QTY
1745,3,[1687],"[3450, 3909]",null,20,40,0,0,40,-20,PENDING_COUNT,APPROVED_RECOUNT_REQUIRED,HIGH_DRIFT_LOW_PHYSICAL_QTY
2434,4,[826],"[554, 842, 1270, 3148, 3165]",null,48,68,0,0,68,-20,PENDING_COUNT,APPROVED_RECOUNT_REQUIRED,HIGH_DRIFT_LOW_PHYSICAL_QTY
1944,4,[823],"[694, 1367, 3273, 4483]",null,3,23,0,0,23,-20,PENDING_COUNT,APPROVED_RECOUNT_REQUIRED,HIGH_DRIFT_LOW_PHYSICAL_QTY
1687,3,[1193],[3427],null,0,21,0,0,21,-21,PENDING_COUNT,APPROVED_RECOUNT_REQUIRED,HIGH_DRIFT_LOW_PHYSICAL_QTY
1708,3,[1293],[3474],null,12,33,0,0,33,-21,PENDING_COUNT,APPROVED_RECOUNT_REQUIRED,HIGH_DRIFT_LOW_PHYSICAL_QTY
2112,4,[624],"[581, 792, 952, 2149, 2618, 3221, 4666]",null,0,21,0,0,21,-21,PENDING_COUNT,APPROVED_RECOUNT_REQUIRED,HIGH_DRIFT_LOW_PHYSICAL_QTY
1751,4,[699],"[797, 903, 992, 2879, 3191]",null,13,34,0,0,34,-21,PENDING_COUNT,APPROVED_RECOUNT_REQUIRED,HIGH_DRIFT_LOW_PHYSICAL_QTY
1848,4,[682],"[933, 1030, 2224, 2642, 3404, 4641]",null,31,52,0,0,52,-21,PENDING_COUNT,APPROVED_RECOUNT_REQUIRED,HIGH_DRIFT_LOW_PHYSICAL_QTY
2022,3,[1026],[3598],null,0,221,0,0,221,-221,PENDING_COUNT,APPROVED_RECOUNT_REQUIRED,HIGH_DRIFT_LOW_PHYSICAL_QTY
2530,2,[1297],"[1807, 5496]",null,224,448,0,0,448,-224,PENDING_COUNT,APPROVED_RECOUNT_REQUIRED,HIGH_DRIFT_LOW_PHYSICAL_QTY
1758,3,[1176],[3455],null,0,22,0,0,22,-22,PENDING_COUNT,APPROVED_RECOUNT_REQUIRED,HIGH_DRIFT_LOW_PHYSICAL_QTY
1723,3,[900],[3512],null,0,22,0,0,22,-22,PENDING_COUNT,APPROVED_RECOUNT_REQUIRED,HIGH_DRIFT_LOW_PHYSICAL_QTY
1618,3,[1890],[4245],null,0,22,0,0,22,-22,PENDING_COUNT,APPROVED_RECOUNT_REQUIRED,HIGH_DRIFT_LOW_PHYSICAL_QTY
2536,4,[698],"[658, 759, 843, 1281, 1401, 2095, 2140, 2687, 2981, 3291, 4289, 4672, 4748, 5399, 5947, 6291]",null,74,308,0,0,308,-234,PENDING_COUNT,APPROVED_RECOUNT_REQUIRED,HIGH_DRIFT_LOW_PHYSICAL_QTY
1683,3,[753],"[1883, 1977, 1998, 2058, 2066, 2196, 2245, 2475, 2768, 2828, 3315, 3340, 3902, 4009, 4073, 4214, 4385, 4579, 4694, 4914, 5247, 5777, 6086, 6216]",null,26,49,0,0,49,-23,PENDING_COUNT,APPROVED_RECOUNT_REQUIRED,HIGH_DRIFT_LOW_PHYSICAL_QTY
1761,3,[1428],"[3457, 3916]",null,11,34,0,0,34,-23,PENDING_COUNT,APPROVED_RECOUNT_REQUIRED,HIGH_DRIFT_LOW_PHYSICAL_QTY
1698,3,[995],"[3464, 3557, 6021]",null,39,62,0,0,62,-23,PENDING_COUNT,APPROVED_RECOUNT_REQUIRED,HIGH_DRIFT_LOW_PHYSICAL_QTY
2289,4,[597],"[755, 1453, 3293]",null,0,23,0,0,23,-23,PENDING_COUNT,APPROVED_RECOUNT_REQUIRED,HIGH_DRIFT_LOW_PHYSICAL_QTY
1728,2,[910],[1566],null,1080,1320,0,0,1320,-240,PENDING_COUNT,APPROVED_RECOUNT_REQUIRED,HIGH_DRIFT_LOW_PHYSICAL_QTY
1751,2,[1410],[1579],null,144,168,0,0,168,-24,PENDING_COUNT,APPROVED_RECOUNT_REQUIRED,HIGH_DRIFT_LOW_PHYSICAL_QTY
1757,2,[1735],[1584],null,144,168,0,0,168,-24,PENDING_COUNT,APPROVED_RECOUNT_REQUIRED,HIGH_DRIFT_LOW_PHYSICAL_QTY
1761,2,[1287],"[1588, 5703]",null,432,456,0,0,456,-24,PENDING_COUNT,APPROVED_RECOUNT_REQUIRED,HIGH_DRIFT_LOW_PHYSICAL_QTY
1780,2,[1744],[1602],null,756,780,0,0,780,-24,PENDING_COUNT,APPROVED_RECOUNT_REQUIRED,HIGH_DRIFT_LOW_PHYSICAL_QTY
1898,2,[1755],[1636],null,-24,0,0,0,0,-24,PENDING_COUNT,APPROVED_RECOUNT_REQUIRED,HIGH_DRIFT_LOW_PHYSICAL_QTY
2031,4,[622],"[648, 681, 889, 963, 2661, 2701, 3827, 5378, 6037]",null,33,57,0,0,57,-24,PENDING_COUNT,APPROVED_RECOUNT_REQUIRED,HIGH_DRIFT_LOW_PHYSICAL_QTY
1618,2,[1351],"[1522, 5493, 5631]",null,4075,4325,0,0,4325,-250,PENDING_COUNT,APPROVED_RECOUNT_REQUIRED,HIGH_DRIFT_LOW_PHYSICAL_QTY
1735,2,[1721],[1567],null,1925,1950,0,0,1950,-25,PENDING_COUNT,APPROVED_RECOUNT_REQUIRED,HIGH_DRIFT_LOW_PHYSICAL_QTY
1751,3,[784],"[3452, 4585, 5238, 5281, 5734, 6023]",null,46,71,0,0,71,-25,PENDING_COUNT,APPROVED_RECOUNT_REQUIRED,HIGH_DRIFT_LOW_PHYSICAL_QTY
2016,4,[658],"[628, 725, 763, 862, 1417, 1493, 1512, 1862, 2114, 2749, 2800, 2921, 3151, 3223, 4023, 4323, 5467]",null,10,35,0,0,35,-25,PENDING_COUNT,APPROVED_RECOUNT_REQUIRED,HIGH_DRIFT_LOW_PHYSICAL_QTY
1681,3,[785],"[1888, 1976, 2019, 2064, 2194, 2243, 2477, 2543, 2827, 2843, 2858, 3024, 3048, 3314, 3338, 3364, 3873, 4124, 4304, 4458, 4471, 5057, 5731, 5931, 6087, 6155, 6242]","[1038, 1046, 1060, 1085, 1153]",172,226,27,0,199,-27,PENDING_COUNT,APPROVED_RECOUNT_REQUIRED,HIGH_DRIFT_LOW_PHYSICAL_QTY
1747,3,[1305],"[3480, 3911, 4432]",null,10,37,0,0,37,-27,PENDING_COUNT,APPROVED_RECOUNT_REQUIRED,HIGH_DRIFT_LOW_PHYSICAL_QTY
2436,2,[1913],[5670],null,240,528,0,0,528,-288,PENDING_COUNT,APPROVED_RECOUNT_REQUIRED,HIGH_DRIFT_LOW_PHYSICAL_QTY
2529,2,[1303],[1806],null,476,504,0,0,504,-28,PENDING_COUNT,APPROVED_RECOUNT_REQUIRED,HIGH_DRIFT_LOW_PHYSICAL_QTY
1894,3,[2068],"[3550, 3551]",null,0,28,0,0,28,-28,PENDING_COUNT,APPROVED_RECOUNT_REQUIRED,HIGH_DRIFT_LOW_PHYSICAL_QTY
1787,3,[1218],"[2298, 3495]",null,1,30,0,0,30,-29,PENDING_COUNT,APPROVED_RECOUNT_REQUIRED,HIGH_DRIFT_LOW_PHYSICAL_QTY
1779,3,[1110],[3444],null,0,29,0,0,29,-29,PENDING_COUNT,APPROVED_RECOUNT_REQUIRED,HIGH_DRIFT_LOW_PHYSICAL_QTY
1745,4,[648],[1011],null,5,7,0,0,7,-2,PENDING_COUNT,APPROVED_RECOUNT_REQUIRED,HIGH_DRIFT_LOW_PHYSICAL_QTY
1787,4,[827],"[1020, 2792]",null,0,2,0,0,2,-2,PENDING_COUNT,APPROVED_RECOUNT_REQUIRED,HIGH_DRIFT_LOW_PHYSICAL_QTY
1786,4,[843],[1021],null,3,5,0,0,5,-2,PENDING_COUNT,APPROVED_RECOUNT_REQUIRED,HIGH_DRIFT_LOW_PHYSICAL_QTY
2096,4,[1070],"[1039, 2805, 6223]",null,2,4,0,0,4,-2,PENDING_COUNT,APPROVED_RECOUNT_REQUIRED,HIGH_DRIFT_LOW_PHYSICAL_QTY
2105,4,[1487],"[1043, 2929, 3158, 4041, 5476]",null,0,2,0,0,2,-2,PENDING_COUNT,APPROVED_RECOUNT_REQUIRED,HIGH_DRIFT_LOW_PHYSICAL_QTY
2322,4,[840],"[1073, 3150]",null,4,6,0,0,6,-2,PENDING_COUNT,APPROVED_RECOUNT_REQUIRED,HIGH_DRIFT_LOW_PHYSICAL_QTY
2451,4,[1246],"[1076, 2638]",null,0,2,0,0,2,-2,PENDING_COUNT,APPROVED_RECOUNT_REQUIRED,HIGH_DRIFT_LOW_PHYSICAL_QTY
2456,4,[832],[1079],null,0,2,0,0,2,-2,PENDING_COUNT,APPROVED_RECOUNT_REQUIRED,HIGH_DRIFT_LOW_PHYSICAL_QTY
2514,4,[634],"[1094, 2811]",null,0,2,0,0,2,-2,PENDING_COUNT,APPROVED_RECOUNT_REQUIRED,HIGH_DRIFT_LOW_PHYSICAL_QTY
2519,4,[1154],"[1095, 5389]",null,24,26,0,0,26,-2,PENDING_COUNT,APPROVED_RECOUNT_REQUIRED,HIGH_DRIFT_LOW_PHYSICAL_QTY
2526,4,[1166],"[1101, 3238]",null,5,7,0,0,7,-2,PENDING_COUNT,APPROVED_RECOUNT_REQUIRED,HIGH_DRIFT_LOW_PHYSICAL_QTY
2266,4,[1540],"[1139, 3296]",null,0,2,0,0,2,-2,PENDING_COUNT,APPROVED_RECOUNT_REQUIRED,HIGH_DRIFT_LOW_PHYSICAL_QTY
1636,4,[711],"[1215, 2227]",null,2,4,0,0,4,-2,PENDING_COUNT,APPROVED_RECOUNT_REQUIRED,HIGH_DRIFT_LOW_PHYSICAL_QTY
2495,4,[874],[1225],null,23,25,0,0,25,-2,PENDING_COUNT,APPROVED_RECOUNT_REQUIRED,HIGH_DRIFT_LOW_PHYSICAL_QTY
2042,4,[1580],"[1235, 2639, 2936, 5794]",null,4,6,0,0,6,-2,PENDING_COUNT,APPROVED_RECOUNT_REQUIRED,HIGH_DRIFT_LOW_PHYSICAL_QTY
1767,4,[1135],[1294],null,0,2,0,0,2,-2,PENDING_COUNT,APPROVED_RECOUNT_REQUIRED,HIGH_DRIFT_LOW_PHYSICAL_QTY
1769,4,[1137],[1296],null,5,7,0,0,7,-2,PENDING_COUNT,APPROVED_RECOUNT_REQUIRED,HIGH_DRIFT_LOW_PHYSICAL_QTY
2050,4,[808],"[1314, 2799]",null,1,3,0,0,3,-2,PENDING_COUNT,APPROVED_RECOUNT_REQUIRED,HIGH_DRIFT_LOW_PHYSICAL_QTY
1698,4,[731],"[1376, 2583, 3189, 3285]",null,5,7,0,0,7,-2,PENDING_COUNT,APPROVED_RECOUNT_REQUIRED,HIGH_DRIFT_LOW_PHYSICAL_QTY
1699,4,[1440],[1377],null,0,2,0,0,2,-2,PENDING_COUNT,APPROVED_RECOUNT_REQUIRED,HIGH_DRIFT_LOW_PHYSICAL_QTY
1702,4,[842],"[1380, 2584, 3187, 5401]",null,18,20,0,0,20,-2,PENDING_COUNT,APPROVED_RECOUNT_REQUIRED,HIGH_DRIFT_LOW_PHYSICAL_QTY
2543,2,[1321],[1714],null,68,70,0,0,70,-2,PENDING_COUNT,APPROVED_RECOUNT_REQUIRED,HIGH_DRIFT_LOW_PHYSICAL_QTY
2545,2,[1323],[1716],null,40,42,0,0,42,-2,PENDING_COUNT,APPROVED_RECOUNT_REQUIRED,HIGH_DRIFT_LOW_PHYSICAL_QTY
2546,2,[1324],[1717],null,67,69,0,0,69,-2,PENDING_COUNT,APPROVED_RECOUNT_REQUIRED,HIGH_DRIFT_LOW_PHYSICAL_QTY
2565,2,[1325],[1734],null,0,2,0,0,2,-2,PENDING_COUNT,APPROVED_RECOUNT_REQUIRED,HIGH_DRIFT_LOW_PHYSICAL_QTY
2583,2,[1329],[1764],null,23,25,0,0,25,-2,PENDING_COUNT,APPROVED_RECOUNT_REQUIRED,HIGH_DRIFT_LOW_PHYSICAL_QTY
2584,2,[1330],[1765],null,0,2,0,0,2,-2,PENDING_COUNT,APPROVED_RECOUNT_REQUIRED,HIGH_DRIFT_LOW_PHYSICAL_QTY
1601,3,[1258],[1899],null,1,3,0,0,3,-2,PENDING_COUNT,APPROVED_RECOUNT_REQUIRED,HIGH_DRIFT_LOW_PHYSICAL_QTY
1679,3,[1200],[1914],null,10,12,0,0,12,-2,PENDING_COUNT,APPROVED_RECOUNT_REQUIRED,HIGH_DRIFT_LOW_PHYSICAL_QTY
2654,4,[1875],"[2127, 2804]",null,0,2,0,0,2,-2,PENDING_COUNT,APPROVED_RECOUNT_REQUIRED,HIGH_DRIFT_LOW_PHYSICAL_QTY
1784,3,[1191],[2266],null,6,8,0,0,8,-2,PENDING_COUNT,APPROVED_RECOUNT_REQUIRED,HIGH_DRIFT_LOW_PHYSICAL_QTY
2147,3,[1408],"[2439, 4610, 6160]",null,4,6,0,0,6,-2,PENDING_COUNT,APPROVED_RECOUNT_REQUIRED,HIGH_DRIFT_LOW_PHYSICAL_QTY
2450,4,[984],"[2635, 3268]",null,5,7,0,0,7,-2,PENDING_COUNT,APPROVED_RECOUNT_REQUIRED,HIGH_DRIFT_LOW_PHYSICAL_QTY
2200,4,[2117],"[2660, 5375]",null,19,21,0,0,21,-2,PENDING_COUNT,APPROVED_RECOUNT_REQUIRED,HIGH_DRIFT_LOW_PHYSICAL_QTY
1648,4,[601],"[3181, 6323]",[1749],0,5,3,0,2,-2,PENDING_COUNT,APPROVED_RECOUNT_REQUIRED,HIGH_DRIFT_LOW_PHYSICAL_QTY
2305,4,[1885],"[3276, 4327]",null,8,10,0,0,10,-2,PENDING_COUNT,APPROVED_RECOUNT_REQUIRED,HIGH_DRIFT_LOW_PHYSICAL_QTY
2494,4,[2131],[3277],null,2,4,0,0,4,-2,PENDING_COUNT,APPROVED_RECOUNT_REQUIRED,HIGH_DRIFT_LOW_PHYSICAL_QTY
1695,3,[2070],[3461],null,0,2,0,0,2,-2,PENDING_COUNT,APPROVED_RECOUNT_REQUIRED,HIGH_DRIFT_LOW_PHYSICAL_QTY
1768,3,[1241],"[3486, 4343]",null,30,32,0,0,32,-2,PENDING_COUNT,APPROVED_RECOUNT_REQUIRED,HIGH_DRIFT_LOW_PHYSICAL_QTY
1725,3,[1608],[3514],null,13,15,0,0,15,-2,PENDING_COUNT,APPROVED_RECOUNT_REQUIRED,HIGH_DRIFT_LOW_PHYSICAL_QTY
2385,4,[678],"[546, 1157]",null,3,5,0,0,5,-2,PENDING_COUNT,APPROVED_RECOUNT_REQUIRED,HIGH_DRIFT_LOW_PHYSICAL_QTY
2437,4,[834],"[553, 1268, 3961]",null,0,2,0,0,2,-2,PENDING_COUNT,APPROVED_RECOUNT_REQUIRED,HIGH_DRIFT_LOW_PHYSICAL_QTY
1714,4,[1900],[5553],null,0,2,0,0,2,-2,PENDING_COUNT,APPROVED_RECOUNT_REQUIRED,HIGH_DRIFT_LOW_PHYSICAL_QTY
1917,4,[1635],[5554],null,0,2,0,0,2,-2,PENDING_COUNT,APPROVED_RECOUNT_REQUIRED,HIGH_DRIFT_LOW_PHYSICAL_QTY
2675,2,[2197],[5636],null,19,21,0,0,21,-2,PENDING_COUNT,APPROVED_RECOUNT_REQUIRED,HIGH_DRIFT_LOW_PHYSICAL_QTY
2438,4,[714],"[588, 1269, 3962]",null,2,4,0,0,4,-2,PENDING_COUNT,APPROVED_RECOUNT_REQUIRED,HIGH_DRIFT_LOW_PHYSICAL_QTY
1837,4,[664],"[686, 968, 2222, 3111, 4489]",null,1,3,0,0,3,-2,PENDING_COUNT,APPROVED_RECOUNT_REQUIRED,HIGH_DRIFT_LOW_PHYSICAL_QTY
1839,4,[719],"[687, 969, 2922, 5469]",null,12,14,0,0,14,-2,PENDING_COUNT,APPROVED_RECOUNT_REQUIRED,HIGH_DRIFT_LOW_PHYSICAL_QTY
1715,4,[979],"[691, 914, 973, 2139, 2229, 4328, 5475]",null,0,2,0,0,2,-2,PENDING_COUNT,APPROVED_RECOUNT_REQUIRED,HIGH_DRIFT_LOW_PHYSICAL_QTY
1943,4,[592],"[695, 3270]",null,1,3,0,0,3,-2,PENDING_COUNT,APPROVED_RECOUNT_REQUIRED,HIGH_DRIFT_LOW_PHYSICAL_QTY
2049,4,[684],"[712, 1313, 1366, 3847]",null,19,21,0,0,21,-2,PENDING_COUNT,APPROVED_RECOUNT_REQUIRED,HIGH_DRIFT_LOW_PHYSICAL_QTY
1717,4,[623],"[732, 1288, 2170, 2549, 2790, 2946, 4369, 5791]",null,1,3,0,0,3,-2,PENDING_COUNT,APPROVED_RECOUNT_REQUIRED,HIGH_DRIFT_LOW_PHYSICAL_QTY
2156,4,[1067],"[818, 2118]",null,0,2,0,0,2,-2,PENDING_COUNT,APPROVED_RECOUNT_REQUIRED,HIGH_DRIFT_LOW_PHYSICAL_QTY
2444,4,[1147],"[844, 1088, 3405]",null,9,11,0,0,11,-2,PENDING_COUNT,APPROVED_RECOUNT_REQUIRED,HIGH_DRIFT_LOW_PHYSICAL_QTY
1716,4,[847],"[848, 1291, 3251, 4306]",null,1,3,0,0,3,-2,PENDING_COUNT,APPROVED_RECOUNT_REQUIRED,HIGH_DRIFT_LOW_PHYSICAL_QTY
1642,4,[1122],"[855, 1217]",null,5,7,0,0,7,-2,PENDING_COUNT,APPROVED_RECOUNT_REQUIRED,HIGH_DRIFT_LOW_PHYSICAL_QTY
2288,4,[1069],"[904, 905, 906, 1167, 2096]",null,0,2,0,0,2,-2,PENDING_COUNT,APPROVED_RECOUNT_REQUIRED,HIGH_DRIFT_LOW_PHYSICAL_QTY
2532,4,[1172],"[923, 1057]",null,3,5,0,0,5,-2,PENDING_COUNT,APPROVED_RECOUNT_REQUIRED,HIGH_DRIFT_LOW_PHYSICAL_QTY
1670,4,[1128],[988],null,1,3,0,0,3,-2,PENDING_COUNT,APPROVED_RECOUNT_REQUIRED,HIGH_DRIFT_LOW_PHYSICAL_QTY
2269,3,[1163],null,null,-2,0,0,0,0,-2,PENDING_COUNT,APPROVED_RECOUNT_REQUIRED,HIGH_DRIFT_LOW_PHYSICAL_QTY
1783,3,[2112],null,null,-2,0,0,0,0,-2,PENDING_COUNT,APPROVED_RECOUNT_REQUIRED,HIGH_DRIFT_LOW_PHYSICAL_QTY
1846,4,[1062],null,[747],-3,0,1,0,-1,-2,PENDING_COUNT,APPROVED_RECOUNT_REQUIRED,HIGH_DRIFT_LOW_PHYSICAL_QTY
2525,2,[969],[1802],null,-280,28,0,0,28,-308,PENDING_COUNT,APPROVED_RECOUNT_REQUIRED,HIGH_DRIFT_LOW_PHYSICAL_QTY
2564,2,[1326],"[1733, 3706, 3707, 3708]",null,31,62,0,0,62,-31,PENDING_COUNT,APPROVED_RECOUNT_REQUIRED,HIGH_DRIFT_LOW_PHYSICAL_QTY
1765,4,[587],"[547, 1293, 2093, 2977]",null,0,31,0,0,31,-31,PENDING_COUNT,APPROVED_RECOUNT_REQUIRED,HIGH_DRIFT_LOW_PHYSICAL_QTY
2530,4,[585],"[869, 892, 1104, 1513, 3240, 3818, 5395]",null,42,73,0,0,73,-31,PENDING_COUNT,APPROVED_RECOUNT_REQUIRED,HIGH_DRIFT_LOW_PHYSICAL_QTY
1774,2,[1391],[1599],null,-324,0,0,0,0,-324,PENDING_COUNT,APPROVED_RECOUNT_REQUIRED,HIGH_DRIFT_LOW_PHYSICAL_QTY
1742,2,[940],[1558],null,235,267,0,0,267,-32,PENDING_COUNT,APPROVED_RECOUNT_REQUIRED,HIGH_DRIFT_LOW_PHYSICAL_QTY
1621,3,[999],"[1895, 2186, 2240, 2242, 2619, 2766, 3045, 4206, 4558, 4705, 5173, 5363, 5534, 6213]",null,21,360,0,0,360,-339,PENDING_COUNT,APPROVED_RECOUNT_REQUIRED,HIGH_DRIFT_LOW_PHYSICAL_QTY
1612,3,[952],"[3371, 3970, 3990, 4104, 4205, 4917, 5227, 5839, 5979, 6029, 6249]","[1241, 1247, 1271, 1685]",-15,36,18,0,18,-33,PENDING_COUNT,APPROVED_RECOUNT_REQUIRED,HIGH_DRIFT_LOW_PHYSICAL_QTY
1706,3,[1120],"[3473, 4580]",null,20,53,0,0,53,-33,PENDING_COUNT,APPROVED_RECOUNT_REQUIRED,HIGH_DRIFT_LOW_PHYSICAL_QTY
1704,3,[903],[3470],null,136,170,0,0,170,-34,PENDING_COUNT,APPROVED_RECOUNT_REQUIRED,HIGH_DRIFT_LOW_PHYSICAL_QTY
1778,2,[928],[1591],null,408,444,0,0,444,-36,PENDING_COUNT,APPROVED_RECOUNT_REQUIRED,HIGH_DRIFT_LOW_PHYSICAL_QTY
1765,2,[1929],null,null,-372,0,0,0,0,-372,PENDING_COUNT,APPROVED_RECOUNT_REQUIRED,HIGH_DRIFT_LOW_PHYSICAL_QTY
1742,3,[807],"[3445, 3907, 4098]",null,16,53,0,0,53,-37,PENDING_COUNT,APPROVED_RECOUNT_REQUIRED,HIGH_DRIFT_LOW_PHYSICAL_QTY
1748,3,[1195],"[3481, 3912, 4433]",null,9,48,0,0,48,-39,PENDING_COUNT,APPROVED_RECOUNT_REQUIRED,HIGH_DRIFT_LOW_PHYSICAL_QTY
2528,4,[986],[1103],null,14,17,0,0,17,-3,PENDING_COUNT,APPROVED_RECOUNT_REQUIRED,HIGH_DRIFT_LOW_PHYSICAL_QTY
2518,4,[1525],"[1106, 2652, 2812]",null,4,7,0,0,7,-3,PENDING_COUNT,APPROVED_RECOUNT_REQUIRED,HIGH_DRIFT_LOW_PHYSICAL_QTY
2043,4,[1477],"[1236, 2819, 2935, 3283, 4972]",null,3,6,0,0,6,-3,PENDING_COUNT,APPROVED_RECOUNT_REQUIRED,HIGH_DRIFT_LOW_PHYSICAL_QTY
2157,4,[831],"[1262, 2798]",null,0,3,0,0,3,-3,PENDING_COUNT,APPROVED_RECOUNT_REQUIRED,HIGH_DRIFT_LOW_PHYSICAL_QTY
2161,4,[1055],[1265],null,0,3,0,0,3,-3,PENDING_COUNT,APPROVED_RECOUNT_REQUIRED,HIGH_DRIFT_LOW_PHYSICAL_QTY
2118,4,[1016],"[1446, 2151]",null,21,24,0,0,24,-3,PENDING_COUNT,APPROVED_RECOUNT_REQUIRED,HIGH_DRIFT_LOW_PHYSICAL_QTY
2116,4,[774],[1447],null,11,14,0,0,14,-3,PENDING_COUNT,APPROVED_RECOUNT_REQUIRED,HIGH_DRIFT_LOW_PHYSICAL_QTY
2554,2,[1376],[1724],null,57,60,0,0,60,-3,PENDING_COUNT,APPROVED_RECOUNT_REQUIRED,HIGH_DRIFT_LOW_PHYSICAL_QTY
2555,2,[1380],[1725],null,15,18,0,0,18,-3,PENDING_COUNT,APPROVED_RECOUNT_REQUIRED,HIGH_DRIFT_LOW_PHYSICAL_QTY
2557,2,[1377],[1727],null,48,51,0,0,51,-3,PENDING_COUNT,APPROVED_RECOUNT_REQUIRED,HIGH_DRIFT_LOW_PHYSICAL_QTY
2558,2,[1378],[1728],null,48,51,0,0,51,-3,PENDING_COUNT,APPROVED_RECOUNT_REQUIRED,HIGH_DRIFT_LOW_PHYSICAL_QTY
2274,2,[1798],[1745],null,147,150,0,0,150,-3,PENDING_COUNT,APPROVED_RECOUNT_REQUIRED,HIGH_DRIFT_LOW_PHYSICAL_QTY
1583,3,[1450],"[1872, 4105]",null,7,10,0,0,10,-3,PENDING_COUNT,APPROVED_RECOUNT_REQUIRED,HIGH_DRIFT_LOW_PHYSICAL_QTY
1657,3,[1877],[1909],null,0,3,0,0,3,-3,PENDING_COUNT,APPROVED_RECOUNT_REQUIRED,HIGH_DRIFT_LOW_PHYSICAL_QTY
2317,4,[1446],"[2128, 3275]",null,0,3,0,0,3,-3,PENDING_COUNT,APPROVED_RECOUNT_REQUIRED,HIGH_DRIFT_LOW_PHYSICAL_QTY
2310,4,[860],"[2888, 3214]",null,0,3,0,0,3,-3,PENDING_COUNT,APPROVED_RECOUNT_REQUIRED,HIGH_DRIFT_LOW_PHYSICAL_QTY
2302,4,[2051],"[2913, 4967]",null,4,7,0,0,7,-3,PENDING_COUNT,APPROVED_RECOUNT_REQUIRED,HIGH_DRIFT_LOW_PHYSICAL_QTY
1740,3,[1684],[3447],null,22,25,0,0,25,-3,PENDING_COUNT,APPROVED_RECOUNT_REQUIRED,HIGH_DRIFT_LOW_PHYSICAL_QTY
1744,3,[1686],[3449],null,28,31,0,0,31,-3,PENDING_COUNT,APPROVED_RECOUNT_REQUIRED,HIGH_DRIFT_LOW_PHYSICAL_QTY
1685,1,[2280],[3831],null,0,3,0,0,3,-3,PENDING_COUNT,APPROVED_RECOUNT_REQUIRED,HIGH_DRIFT_LOW_PHYSICAL_QTY
2216,4,[677],"[545, 698, 4954]",null,2,5,0,0,5,-3,PENDING_COUNT,APPROVED_RECOUNT_REQUIRED,HIGH_DRIFT_LOW_PHYSICAL_QTY
1764,4,[627],"[548, 584, 955, 3194]",null,15,18,0,0,18,-3,PENDING_COUNT,APPROVED_RECOUNT_REQUIRED,HIGH_DRIFT_LOW_PHYSICAL_QTY
1897,4,[667],"[597, 682, 964, 2545, 2815, 4642]",null,0,3,0,0,3,-3,PENDING_COUNT,APPROVED_RECOUNT_REQUIRED,HIGH_DRIFT_LOW_PHYSICAL_QTY
1701,4,[655],"[638, 799, 845, 928, 1379, 3834]",null,9,12,0,0,12,-3,PENDING_COUNT,APPROVED_RECOUNT_REQUIRED,HIGH_DRIFT_LOW_PHYSICAL_QTY
2201,4,[620],"[655, 1180, 2659, 5376]",null,18,21,0,0,21,-3,PENDING_COUNT,APPROVED_RECOUNT_REQUIRED,HIGH_DRIFT_LOW_PHYSICAL_QTY
1881,4,[694],"[667, 1363, 1460, 2784, 5488]",null,2,5,0,0,5,-3,PENDING_COUNT,APPROVED_RECOUNT_REQUIRED,HIGH_DRIFT_LOW_PHYSICAL_QTY
1866,4,[715],"[715, 1027, 1359, 2925, 3107, 4043, 4490, 4973, 6222]",null,7,10,0,0,10,-3,PENDING_COUNT,APPROVED_RECOUNT_REQUIRED,HIGH_DRIFT_LOW_PHYSICAL_QTY
2603,4,[1084],"[774, 1853, 2159, 2851, 3298]",null,0,3,0,0,3,-3,PENDING_COUNT,APPROVED_RECOUNT_REQUIRED,HIGH_DRIFT_LOW_PHYSICAL_QTY
2264,4,[852],"[872, 1137, 3295]",null,0,3,0,0,3,-3,PENDING_COUNT,APPROVED_RECOUNT_REQUIRED,HIGH_DRIFT_LOW_PHYSICAL_QTY
1722,4,[1127],"[875, 1283, 2789, 2882]",null,1,4,0,0,4,-3,PENDING_COUNT,APPROVED_RECOUNT_REQUIRED,HIGH_DRIFT_LOW_PHYSICAL_QTY
2104,4,[720],"[915, 1042, 2138, 2169, 2742, 2899, 3114, 4040, 4631, 5374, 6290]",null,6,9,0,0,9,-3,PENDING_COUNT,APPROVED_RECOUNT_REQUIRED,HIGH_DRIFT_LOW_PHYSICAL_QTY
2314,4,[864],"[924, 1069, 2887, 5426]",null,6,9,0,0,9,-3,PENDING_COUNT,APPROVED_RECOUNT_REQUIRED,HIGH_DRIFT_LOW_PHYSICAL_QTY
2267,2,[1299],null,null,-3,0,0,0,0,-3,PENDING_COUNT,APPROVED_RECOUNT_REQUIRED,HIGH_DRIFT_LOW_PHYSICAL_QTY
2192,4,[1064],null,[1683],-4,0,1,0,-1,-3,PENDING_COUNT,APPROVED_RECOUNT_REQUIRED,HIGH_DRIFT_LOW_PHYSICAL_QTY
2679,2,[2206],null,[804],-600,0,200,0,-200,-400,PENDING_COUNT,APPROVED_RECOUNT_REQUIRED,HIGH_DRIFT_LOW_PHYSICAL_QTY
2677,2,[2207],null,"[646, 803]",-800,0,400,0,-400,-400,PENDING_COUNT,APPROVED_RECOUNT_REQUIRED,HIGH_DRIFT_LOW_PHYSICAL_QTY
2680,2,[2209],null,[647],-600,0,200,0,-200,-400,PENDING_COUNT,APPROVED_RECOUNT_REQUIRED,HIGH_DRIFT_LOW_PHYSICAL_QTY
1727,2,[1343],[1565],null,3400,3440,0,0,3440,-40,PENDING_COUNT,APPROVED_RECOUNT_REQUIRED,HIGH_DRIFT_LOW_PHYSICAL_QTY
2485,4,[707],"[630, 683, 768, 910, 935, 965, 1492, 1511, 2220, 2231, 2786, 2920, 2941, 3177, 3399, 4021, 4495, 4961, 5891]",null,14,54,0,0,54,-40,PENDING_COUNT,APPROVED_RECOUNT_REQUIRED,HIGH_DRIFT_LOW_PHYSICAL_QTY
1701,3,[904],"[3467, 6002]",null,16,57,0,0,57,-41,PENDING_COUNT,APPROVED_RECOUNT_REQUIRED,HIGH_DRIFT_LOW_PHYSICAL_QTY
1673,3,[1243],[3425],null,2,45,0,0,45,-43,PENDING_COUNT,APPROVED_RECOUNT_REQUIRED,HIGH_DRIFT_LOW_PHYSICAL_QTY
1703,3,[1033],"[3469, 5343]",null,5,48,0,0,48,-43,PENDING_COUNT,APPROVED_RECOUNT_REQUIRED,HIGH_DRIFT_LOW_PHYSICAL_QTY
1711,3,[761],"[3477, 3558, 4259, 4303, 5056, 5302, 6089, 6101, 6143]",null,54,501,0,0,501,-447,PENDING_COUNT,APPROVED_RECOUNT_REQUIRED,HIGH_DRIFT_LOW_PHYSICAL_QTY
1680,3,[781],"[1975, 1999, 2017, 2056, 2065, 2193, 2244, 2478, 2842, 3050, 3075, 3313, 3872, 4101, 4212, 4305, 4459, 4472, 4578, 4615, 4683, 4896, 4980, 5058, 5732, 5932]",null,211,255,0,0,255,-44,PENDING_COUNT,APPROVED_RECOUNT_REQUIRED,HIGH_DRIFT_LOW_PHYSICAL_QTY
2400,3,[932],"[2765, 3076, 3974, 4254, 4412, 4619, 4657, 5298, 5773, 6004, 6254]",null,57,101,0,0,101,-44,PENDING_COUNT,APPROVED_RECOUNT_REQUIRED,HIGH_DRIFT_LOW_PHYSICAL_QTY
1771,3,[729],"[551, 3442]",null,0,46,0,0,46,-46,PENDING_COUNT,APPROVED_RECOUNT_REQUIRED,HIGH_DRIFT_LOW_PHYSICAL_QTY
1759,3,[816],"[2709, 3040, 3456, 5235, 5278, 6024, 6025, 6026]",null,15,62,0,0,62,-47,PENDING_COUNT,APPROVED_RECOUNT_REQUIRED,HIGH_DRIFT_LOW_PHYSICAL_QTY
2055,2,[1048],[1652],null,880,1360,0,0,1360,-480,PENDING_COUNT,APPROVED_RECOUNT_REQUIRED,HIGH_DRIFT_LOW_PHYSICAL_QTY
1703,2,[1289],"[1550, 6018]",null,395,443,0,0,443,-48,PENDING_COUNT,APPROVED_RECOUNT_REQUIRED,HIGH_DRIFT_LOW_PHYSICAL_QTY
1759,2,[1093],"[1587, 5704]",null,144,192,0,0,192,-48,PENDING_COUNT,APPROVED_RECOUNT_REQUIRED,HIGH_DRIFT_LOW_PHYSICAL_QTY
1762,2,[1627],[1589],null,0,48,0,0,48,-48,PENDING_COUNT,APPROVED_RECOUNT_REQUIRED,HIGH_DRIFT_LOW_PHYSICAL_QTY
1771,2,[923],[1597],null,0,48,0,0,48,-48,PENDING_COUNT,APPROVED_RECOUNT_REQUIRED,HIGH_DRIFT_LOW_PHYSICAL_QTY
1764,2,[968],[1609],null,696,744,0,0,744,-48,PENDING_COUNT,APPROVED_RECOUNT_REQUIRED,HIGH_DRIFT_LOW_PHYSICAL_QTY
1848,2,[1312],[1625],null,96,144,0,0,144,-48,PENDING_COUNT,APPROVED_RECOUNT_REQUIRED,HIGH_DRIFT_LOW_PHYSICAL_QTY
2029,2,[967],"[1643, 5711]",null,360,408,0,0,408,-48,PENDING_COUNT,APPROVED_RECOUNT_REQUIRED,HIGH_DRIFT_LOW_PHYSICAL_QTY
2037,2,[1370],"[1647, 5681]",null,456,504,0,0,504,-48,PENDING_COUNT,APPROVED_RECOUNT_REQUIRED,HIGH_DRIFT_LOW_PHYSICAL_QTY
2048,2,[1319],"[1655, 5695]",null,312,360,0,0,360,-48,PENDING_COUNT,APPROVED_RECOUNT_REQUIRED,HIGH_DRIFT_LOW_PHYSICAL_QTY
2049,2,[1320],"[1656, 5696]",null,288,336,0,0,336,-48,PENDING_COUNT,APPROVED_RECOUNT_REQUIRED,HIGH_DRIFT_LOW_PHYSICAL_QTY
1760,4,[848],"[1002, 1349, 3193]",null,14,18,0,0,18,-4,PENDING_COUNT,APPROVED_RECOUNT_REQUIRED,HIGH_DRIFT_LOW_PHYSICAL_QTY
2319,4,[696],"[1071, 2886, 6059]",null,7,11,0,0,11,-4,PENDING_COUNT,APPROVED_RECOUNT_REQUIRED,HIGH_DRIFT_LOW_PHYSICAL_QTY
2520,4,[588],"[1097, 1515, 5391]",null,48,52,0,0,52,-4,PENDING_COUNT,APPROVED_RECOUNT_REQUIRED,HIGH_DRIFT_LOW_PHYSICAL_QTY
2421,4,[662],"[1109, 1863, 2777]",null,6,10,0,0,10,-4,PENDING_COUNT,APPROVED_RECOUNT_REQUIRED,HIGH_DRIFT_LOW_PHYSICAL_QTY
2132,4,[886],"[1252, 1466, 4482]",null,5,9,0,0,9,-4,PENDING_COUNT,APPROVED_RECOUNT_REQUIRED,HIGH_DRIFT_LOW_PHYSICAL_QTY
1803,4,[1186],"[1329, 5482]",null,9,13,0,0,13,-4,PENDING_COUNT,APPROVED_RECOUNT_REQUIRED,HIGH_DRIFT_LOW_PHYSICAL_QTY
1713,3,[1959],"[1889, 3479]",null,0,4,0,0,4,-4,PENDING_COUNT,APPROVED_RECOUNT_REQUIRED,HIGH_DRIFT_LOW_PHYSICAL_QTY
1712,3,[1960],[1890],null,0,4,0,0,4,-4,PENDING_COUNT,APPROVED_RECOUNT_REQUIRED,HIGH_DRIFT_LOW_PHYSICAL_QTY
1714,3,[1961],"[1891, 3478]",null,84,88,0,0,88,-4,PENDING_COUNT,APPROVED_RECOUNT_REQUIRED,HIGH_DRIFT_LOW_PHYSICAL_QTY
1627,3,[1308],[2326],null,4,8,0,0,8,-4,PENDING_COUNT,APPROVED_RECOUNT_REQUIRED,HIGH_DRIFT_LOW_PHYSICAL_QTY
2211,4,[862],"[2890, 3143, 3269, 4957]",null,4,8,0,0,8,-4,PENDING_COUNT,APPROVED_RECOUNT_REQUIRED,HIGH_DRIFT_LOW_PHYSICAL_QTY
1707,3,[1238],[3475],null,27,31,0,0,31,-4,PENDING_COUNT,APPROVED_RECOUNT_REQUIRED,HIGH_DRIFT_LOW_PHYSICAL_QTY
1926,3,[1270],[3562],null,0,4,0,0,4,-4,PENDING_COUNT,APPROVED_RECOUNT_REQUIRED,HIGH_DRIFT_LOW_PHYSICAL_QTY
2108,4,[583],"[572, 633, 710, 849, 1045, 2137, 2806, 2945, 4085, 6035]",null,6,10,0,0,10,-4,PENDING_COUNT,APPROVED_RECOUNT_REQUIRED,HIGH_DRIFT_LOW_PHYSICAL_QTY
1778,4,[628],"[626, 1304, 2848, 5557]",null,21,25,0,0,25,-4,PENDING_COUNT,APPROVED_RECOUNT_REQUIRED,HIGH_DRIFT_LOW_PHYSICAL_QTY
2408,4,[615],"[639, 787, 861, 1162, 2136, 2820, 2864, 4326, 4970]",null,3,7,0,0,7,-4,PENDING_COUNT,APPROVED_RECOUNT_REQUIRED,HIGH_DRIFT_LOW_PHYSICAL_QTY
1668,4,[821],"[723, 986, 4375]",null,0,4,0,0,4,-4,PENDING_COUNT,APPROVED_RECOUNT_REQUIRED,HIGH_DRIFT_LOW_PHYSICAL_QTY
2604,4,[1085],"[775, 1272, 2704]",null,0,4,0,0,4,-4,PENDING_COUNT,APPROVED_RECOUNT_REQUIRED,HIGH_DRIFT_LOW_PHYSICAL_QTY
1719,4,[884],"[814, 913, 1286, 2898, 2930, 4307, 5792]",null,1,5,0,0,5,-4,PENDING_COUNT,APPROVED_RECOUNT_REQUIRED,HIGH_DRIFT_LOW_PHYSICAL_QTY
1706,4,[644],"[846, 1381, 5380]",null,21,25,0,0,25,-4,PENDING_COUNT,APPROVED_RECOUNT_REQUIRED,HIGH_DRIFT_LOW_PHYSICAL_QTY
2158,4,[856],"[936, 1263]",null,0,4,0,0,4,-4,PENDING_COUNT,APPROVED_RECOUNT_REQUIRED,HIGH_DRIFT_LOW_PHYSICAL_QTY
2288,2,[1411],null,null,-4,0,0,0,0,-4,PENDING_COUNT,APPROVED_RECOUNT_REQUIRED,HIGH_DRIFT_LOW_PHYSICAL_QTY
2171,2,[1314],"[1694, 5593]",null,850,900,0,0,900,-50,PENDING_COUNT,APPROVED_RECOUNT_REQUIRED,HIGH_DRIFT_LOW_PHYSICAL_QTY
2172,2,[1315],"[1695, 5598]",null,1025,1075,0,0,1075,-50,PENDING_COUNT,APPROVED_RECOUNT_REQUIRED,HIGH_DRIFT_LOW_PHYSICAL_QTY
2399,2,[1397],[1775],[1221],-100,0,50,0,-50,-50,PENDING_COUNT,APPROVED_RECOUNT_REQUIRED,HIGH_DRIFT_LOW_PHYSICAL_QTY
2085,2,[2224],[5609],null,525,575,0,0,575,-50,PENDING_COUNT,APPROVED_RECOUNT_REQUIRED,HIGH_DRIFT_LOW_PHYSICAL_QTY
2018,2,[2360],[5618],null,145,195,0,0,195,-50,PENDING_COUNT,APPROVED_RECOUNT_REQUIRED,HIGH_DRIFT_LOW_PHYSICAL_QTY
2524,2,[1361],[1801],null,252,308,0,0,308,-56,PENDING_COUNT,APPROVED_RECOUNT_REQUIRED,HIGH_DRIFT_LOW_PHYSICAL_QTY
1867,4,[1058],"[1028, 2120]",null,0,5,0,0,5,-5,PENDING_COUNT,APPROVED_RECOUNT_REQUIRED,HIGH_DRIFT_LOW_PHYSICAL_QTY
2193,4,[705],"[1175, 1358, 2126, 2633, 5372]",null,22,27,0,0,27,-5,PENDING_COUNT,APPROVED_RECOUNT_REQUIRED,HIGH_DRIFT_LOW_PHYSICAL_QTY
2125,4,[638],"[1248, 2606, 3820, 5848]",null,12,17,0,0,17,-5,PENDING_COUNT,APPROVED_RECOUNT_REQUIRED,HIGH_DRIFT_LOW_PHYSICAL_QTY
1585,3,[1268],"[1873, 2418, 4902]",null,0,5,0,0,5,-5,PENDING_COUNT,APPROVED_RECOUNT_REQUIRED,HIGH_DRIFT_LOW_PHYSICAL_QTY
1589,3,[1413],"[1876, 4107]",null,0,5,0,0,5,-5,PENDING_COUNT,APPROVED_RECOUNT_REQUIRED,HIGH_DRIFT_LOW_PHYSICAL_QTY
1743,3,[2109],"[2616, 3908]",null,16,21,0,0,21,-5,PENDING_COUNT,APPROVED_RECOUNT_REQUIRED,HIGH_DRIFT_LOW_PHYSICAL_QTY
2573,4,[1749],"[2705, 3166]",null,0,5,0,0,5,-5,PENDING_COUNT,APPROVED_RECOUNT_REQUIRED,HIGH_DRIFT_LOW_PHYSICAL_QTY
1738,3,[1129],[3440],null,8,13,0,0,13,-5,PENDING_COUNT,APPROVED_RECOUNT_REQUIRED,HIGH_DRIFT_LOW_PHYSICAL_QTY
1840,4,[693],"[620, 1321, 2223]",null,5,10,0,0,10,-5,PENDING_COUNT,APPROVED_RECOUNT_REQUIRED,HIGH_DRIFT_LOW_PHYSICAL_QTY
2032,4,[704],"[646, 1438, 1610, 2603, 3826, 5377, 6036]",null,15,20,0,0,20,-5,PENDING_COUNT,APPROVED_RECOUNT_REQUIRED,HIGH_DRIFT_LOW_PHYSICAL_QTY
2292,4,[973],"[657, 802, 1170, 3297]",null,0,5,0,0,5,-5,PENDING_COUNT,APPROVED_RECOUNT_REQUIRED,HIGH_DRIFT_LOW_PHYSICAL_QTY
1649,4,[654],"[662, 852, 909, 2166, 2626, 2748, 3147, 4044, 5489, 5887]",null,0,5,0,0,5,-5,PENDING_COUNT,APPROVED_RECOUNT_REQUIRED,HIGH_DRIFT_LOW_PHYSICAL_QTY
1795,4,[854],"[856, 1124, 1413, 6227]",null,6,11,0,0,11,-5,PENDING_COUNT,APPROVED_RECOUNT_REQUIRED,HIGH_DRIFT_LOW_PHYSICAL_QTY
2261,2,[925],"[1707, 5610]",null,1750,2350,0,0,2350,-600,PENDING_COUNT,APPROVED_RECOUNT_REQUIRED,HIGH_DRIFT_LOW_PHYSICAL_QTY
2676,2,[2208],null,null,-600,0,0,0,0,-600,PENDING_COUNT,APPROVED_RECOUNT_REQUIRED,HIGH_DRIFT_LOW_PHYSICAL_QTY
1777,2,[1288],[1601],null,876,936,0,0,936,-60,PENDING_COUNT,APPROVED_RECOUNT_REQUIRED,HIGH_DRIFT_LOW_PHYSICAL_QTY
2047,2,[1760],[1653],null,560,620,0,0,620,-60,PENDING_COUNT,APPROVED_RECOUNT_REQUIRED,HIGH_DRIFT_LOW_PHYSICAL_QTY
2531,4,[718],"[1105, 1463, 1514, 3819]",null,35,41,0,0,41,-6,PENDING_COUNT,APPROVED_RECOUNT_REQUIRED,HIGH_DRIFT_LOW_PHYSICAL_QTY
2137,4,[1065],"[1256, 2605, 4297, 5849]",null,11,17,0,0,17,-6,PENDING_COUNT,APPROVED_RECOUNT_REQUIRED,HIGH_DRIFT_LOW_PHYSICAL_QTY
1700,4,[1625],"[1378, 2582, 3287, 3835]",null,21,27,0,0,27,-6,PENDING_COUNT,APPROVED_RECOUNT_REQUIRED,HIGH_DRIFT_LOW_PHYSICAL_QTY
2183,2,[1398],[1697],null,10,16,0,0,16,-6,PENDING_COUNT,APPROVED_RECOUNT_REQUIRED,HIGH_DRIFT_LOW_PHYSICAL_QTY
2184,2,[1399],[1698],null,5,11,0,0,11,-6,PENDING_COUNT,APPROVED_RECOUNT_REQUIRED,HIGH_DRIFT_LOW_PHYSICAL_QTY
2553,2,[1350],[1723],null,48,54,0,0,54,-6,PENDING_COUNT,APPROVED_RECOUNT_REQUIRED,HIGH_DRIFT_LOW_PHYSICAL_QTY
2566,2,[1375],[1735],null,24,30,0,0,30,-6,PENDING_COUNT,APPROVED_RECOUNT_REQUIRED,HIGH_DRIFT_LOW_PHYSICAL_QTY
2567,2,[1372],[1736],null,36,42,0,0,42,-6,PENDING_COUNT,APPROVED_RECOUNT_REQUIRED,HIGH_DRIFT_LOW_PHYSICAL_QTY
2571,2,[1348],[1740],null,0,6,0,0,6,-6,PENDING_COUNT,APPROVED_RECOUNT_REQUIRED,HIGH_DRIFT_LOW_PHYSICAL_QTY
2270,2,[1621],[1741],null,42,48,0,0,48,-6,PENDING_COUNT,APPROVED_RECOUNT_REQUIRED,HIGH_DRIFT_LOW_PHYSICAL_QTY
2271,2,[1052],[1742],[626],-9,0,3,0,-3,-6,PENDING_COUNT,APPROVED_RECOUNT_REQUIRED,HIGH_DRIFT_LOW_PHYSICAL_QTY
2273,2,[1620],[1744],null,75,81,0,0,81,-6,PENDING_COUNT,APPROVED_RECOUNT_REQUIRED,HIGH_DRIFT_LOW_PHYSICAL_QTY
2572,2,[1800],[1752],"[1330, 1366, 1391, 1653]",-30,0,24,0,-24,-6,PENDING_COUNT,APPROVED_RECOUNT_REQUIRED,HIGH_DRIFT_LOW_PHYSICAL_QTY
2573,2,[1801],[1753],"[1328, 1367, 1392, 1654]",-168,0,162,0,-162,-6,PENDING_COUNT,APPROVED_RECOUNT_REQUIRED,HIGH_DRIFT_LOW_PHYSICAL_QTY
2587,2,[1630],[1768],null,78,84,0,0,84,-6,PENDING_COUNT,APPROVED_RECOUNT_REQUIRED,HIGH_DRIFT_LOW_PHYSICAL_QTY
2588,2,[1629],[1769],"[999, 1503, 1717]",-24,0,18,0,-18,-6,PENDING_COUNT,APPROVED_RECOUNT_REQUIRED,HIGH_DRIFT_LOW_PHYSICAL_QTY
1786,3,[1516],[2297],null,28,34,0,0,34,-6,PENDING_COUNT,APPROVED_RECOUNT_REQUIRED,HIGH_DRIFT_LOW_PHYSICAL_QTY
2184,3,[769],"[2457, 2570, 3491, 4713]",null,4,10,0,0,10,-6,PENDING_COUNT,APPROVED_RECOUNT_REQUIRED,HIGH_DRIFT_LOW_PHYSICAL_QTY
2435,4,[888],"[764, 1271, 2896, 3959, 4689]",null,6,12,0,0,12,-6,PENDING_COUNT,APPROVED_RECOUNT_REQUIRED,HIGH_DRIFT_LOW_PHYSICAL_QTY
1761,4,[850],"[838, 1003, 2620, 5390]",null,26,32,0,0,32,-6,PENDING_COUNT,APPROVED_RECOUNT_REQUIRED,HIGH_DRIFT_LOW_PHYSICAL_QTY
2264,2,[1298],null,null,-6,0,0,0,0,-6,PENDING_COUNT,APPROVED_RECOUNT_REQUIRED,HIGH_DRIFT_LOW_PHYSICAL_QTY
2266,3,[1429],null,null,-6,0,0,0,0,-6,PENDING_COUNT,APPROVED_RECOUNT_REQUIRED,HIGH_DRIFT_LOW_PHYSICAL_QTY
1620,2,[914],"[1528, 5613]",null,35,755,0,0,755,-720,PENDING_COUNT,APPROVED_RECOUNT_REQUIRED,HIGH_DRIFT_LOW_PHYSICAL_QTY
1711,4,[569],"[798, 803, 930, 1383, 2621, 2937, 3185, 5552]",null,148,220,0,0,220,-72,PENDING_COUNT,APPROVED_RECOUNT_REQUIRED,HIGH_DRIFT_LOW_PHYSICAL_QTY
2705,2,[2229],null,null,-72,0,0,0,0,-72,PENDING_COUNT,APPROVED_RECOUNT_REQUIRED,HIGH_DRIFT_LOW_PHYSICAL_QTY
2692,2,[2230],null,null,-72,0,0,0,0,-72,PENDING_COUNT,APPROVED_RECOUNT_REQUIRED,HIGH_DRIFT_LOW_PHYSICAL_QTY
2691,2,[2231],null,null,-72,0,0,0,0,-72,PENDING_COUNT,APPROVED_RECOUNT_REQUIRED,HIGH_DRIFT_LOW_PHYSICAL_QTY
2699,2,[2232],null,null,-72,0,0,0,0,-72,PENDING_COUNT,APPROVED_RECOUNT_REQUIRED,HIGH_DRIFT_LOW_PHYSICAL_QTY
2704,2,[2233],null,null,-72,0,0,0,0,-72,PENDING_COUNT,APPROVED_RECOUNT_REQUIRED,HIGH_DRIFT_LOW_PHYSICAL_QTY
2689,2,[2234],null,null,-72,0,0,0,0,-72,PENDING_COUNT,APPROVED_RECOUNT_REQUIRED,HIGH_DRIFT_LOW_PHYSICAL_QTY
2687,2,[2235],null,null,-72,0,0,0,0,-72,PENDING_COUNT,APPROVED_RECOUNT_REQUIRED,HIGH_DRIFT_LOW_PHYSICAL_QTY
2690,2,[2236],null,null,-72,0,0,0,0,-72,PENDING_COUNT,APPROVED_RECOUNT_REQUIRED,HIGH_DRIFT_LOW_PHYSICAL_QTY
2688,2,[2237],null,null,-72,0,0,0,0,-72,PENDING_COUNT,APPROVED_RECOUNT_REQUIRED,HIGH_DRIFT_LOW_PHYSICAL_QTY
2685,2,[2238],null,null,-72,0,0,0,0,-72,PENDING_COUNT,APPROVED_RECOUNT_REQUIRED,HIGH_DRIFT_LOW_PHYSICAL_QTY
2684,2,[2239],null,null,-72,0,0,0,0,-72,PENDING_COUNT,APPROVED_RECOUNT_REQUIRED,HIGH_DRIFT_LOW_PHYSICAL_QTY
2698,2,[2240],null,null,-72,0,0,0,0,-72,PENDING_COUNT,APPROVED_RECOUNT_REQUIRED,HIGH_DRIFT_LOW_PHYSICAL_QTY
2686,2,[2242],null,null,-72,0,0,0,0,-72,PENDING_COUNT,APPROVED_RECOUNT_REQUIRED,HIGH_DRIFT_LOW_PHYSICAL_QTY
2683,2,[2243],null,null,-72,0,0,0,0,-72,PENDING_COUNT,APPROVED_RECOUNT_REQUIRED,HIGH_DRIFT_LOW_PHYSICAL_QTY
2682,2,[2244],null,null,-72,0,0,0,0,-72,PENDING_COUNT,APPROVED_RECOUNT_REQUIRED,HIGH_DRIFT_LOW_PHYSICAL_QTY
2701,2,[2245],null,null,-72,0,0,0,0,-72,PENDING_COUNT,APPROVED_RECOUNT_REQUIRED,HIGH_DRIFT_LOW_PHYSICAL_QTY
2693,2,[2246],null,null,-72,0,0,0,0,-72,PENDING_COUNT,APPROVED_RECOUNT_REQUIRED,HIGH_DRIFT_LOW_PHYSICAL_QTY
2695,2,[2247],null,null,-72,0,0,0,0,-72,PENDING_COUNT,APPROVED_RECOUNT_REQUIRED,HIGH_DRIFT_LOW_PHYSICAL_QTY
2697,2,[2248],null,null,-72,0,0,0,0,-72,PENDING_COUNT,APPROVED_RECOUNT_REQUIRED,HIGH_DRIFT_LOW_PHYSICAL_QTY
2197,2,[1311],"[1700, 5583]",null,-41,34,0,0,34,-75,PENDING_COUNT,APPROVED_RECOUNT_REQUIRED,HIGH_DRIFT_LOW_PHYSICAL_QTY
1893,3,[795],[3552],null,0,75,0,0,75,-75,PENDING_COUNT,APPROVED_RECOUNT_REQUIRED,HIGH_DRIFT_LOW_PHYSICAL_QTY
2083,2,[2213],[5607],null,450,525,0,0,525,-75,PENDING_COUNT,APPROVED_RECOUNT_REQUIRED,HIGH_DRIFT_LOW_PHYSICAL_QTY
2084,2,[2223],[5608],null,525,600,0,0,600,-75,PENDING_COUNT,APPROVED_RECOUNT_REQUIRED,HIGH_DRIFT_LOW_PHYSICAL_QTY
2135,4,[712],"[1253, 2592, 2664, 3248, 3821, 5041, 5942]",null,11,18,0,0,18,-7,PENDING_COUNT,APPROVED_RECOUNT_REQUIRED,HIGH_DRIFT_LOW_PHYSICAL_QTY
1781,4,[857],[1306],null,7,14,0,0,14,-7,PENDING_COUNT,APPROVED_RECOUNT_REQUIRED,HIGH_DRIFT_LOW_PHYSICAL_QTY
2604,2,[1077],[1830],"[1329, 1369, 1394, 1655, 1729]",-79,0,72,0,-72,-7,PENDING_COUNT,APPROVED_RECOUNT_REQUIRED,HIGH_DRIFT_LOW_PHYSICAL_QTY
1591,3,[1006],"[1878, 2420, 4108]",null,7,14,0,0,14,-7,PENDING_COUNT,APPROVED_RECOUNT_REQUIRED,HIGH_DRIFT_LOW_PHYSICAL_QTY
1876,3,[1255],[1925],null,0,7,0,0,7,-7,PENDING_COUNT,APPROVED_RECOUNT_REQUIRED,HIGH_DRIFT_LOW_PHYSICAL_QTY
1697,3,[1881],"[2450, 2841, 3463, 4216, 6020]",null,60,67,0,0,67,-7,PENDING_COUNT,APPROVED_RECOUNT_REQUIRED,HIGH_DRIFT_LOW_PHYSICAL_QTY
1699,3,[1112],"[3465, 5866, 6022]",null,92,99,0,0,99,-7,PENDING_COUNT,APPROVED_RECOUNT_REQUIRED,HIGH_DRIFT_LOW_PHYSICAL_QTY
1978,3,[1452],[3589],null,-5,2,0,0,2,-7,PENDING_COUNT,APPROVED_RECOUNT_REQUIRED,HIGH_DRIFT_LOW_PHYSICAL_QTY
2673,2,[2115],"[5637, 5638]",null,10,17,0,0,17,-7,PENDING_COUNT,APPROVED_RECOUNT_REQUIRED,HIGH_DRIFT_LOW_PHYSICAL_QTY
1806,4,[691],"[593, 684, 911, 966, 1861, 2813, 2865, 3109, 3863, 4020, 4496, 6053]",null,8,15,0,0,15,-7,PENDING_COUNT,APPROVED_RECOUNT_REQUIRED,HIGH_DRIFT_LOW_PHYSICAL_QTY
2087,4,[724],"[674, 738, 2810, 4372]",null,0,7,0,0,7,-7,PENDING_COUNT,APPROVED_RECOUNT_REQUIRED,HIGH_DRIFT_LOW_PHYSICAL_QTY
1759,4,[661],"[789, 929, 994, 2685, 3255, 5952]",null,27,34,0,0,34,-7,PENDING_COUNT,APPROVED_RECOUNT_REQUIRED,HIGH_DRIFT_LOW_PHYSICAL_QTY
1843,4,[1063],null,[1575],-8,0,1,0,-1,-7,PENDING_COUNT,APPROVED_RECOUNT_REQUIRED,HIGH_DRIFT_LOW_PHYSICAL_QTY
1621,2,[915],"[1527, 5612]",null,610,690,0,0,690,-80,PENDING_COUNT,APPROVED_RECOUNT_REQUIRED,HIGH_DRIFT_LOW_PHYSICAL_QTY
1807,2,[1748],[1608],null,-80,0,0,0,0,-80,PENDING_COUNT,APPROVED_RECOUNT_REQUIRED,HIGH_DRIFT_LOW_PHYSICAL_QTY
1839,2,[1752],[1624],null,0,80,0,0,80,-80,PENDING_COUNT,APPROVED_RECOUNT_REQUIRED,HIGH_DRIFT_LOW_PHYSICAL_QTY
1743,2,[2113],[5701],null,224,304,0,0,304,-80,PENDING_COUNT,APPROVED_RECOUNT_REQUIRED,HIGH_DRIFT_LOW_PHYSICAL_QTY
1737,3,[902],"[2256, 2564, 3078, 3906, 4302, 4584, 5532, 6094]",null,19,102,0,0,102,-83,PENDING_COUNT,APPROVED_RECOUNT_REQUIRED,HIGH_DRIFT_LOW_PHYSICAL_QTY
2520,2,[1359],[1797],"[1108, 1704]",-140,0,56,0,-56,-84,PENDING_COUNT,APPROVED_RECOUNT_REQUIRED,HIGH_DRIFT_LOW_PHYSICAL_QTY
2523,2,[1302],[1798],null,28,112,0,0,112,-84,PENDING_COUNT,APPROVED_RECOUNT_REQUIRED,HIGH_DRIFT_LOW_PHYSICAL_QTY
2521,2,[1360],[1799],null,700,784,0,0,784,-84,PENDING_COUNT,APPROVED_RECOUNT_REQUIRED,HIGH_DRIFT_LOW_PHYSICAL_QTY
2016,2,[1895],null,"[14, 870]",-1050,0,200,0,-200,-850,PENDING_COUNT,APPROVED_RECOUNT_REQUIRED,HIGH_DRIFT_LOW_PHYSICAL_QTY
2364,4,[1617],"[1368, 2914]",null,0,8,0,0,8,-8,PENDING_COUNT,APPROVED_RECOUNT_REQUIRED,HIGH_DRIFT_LOW_PHYSICAL_QTY
2561,2,[1327],"[1730, 3709]",null,-4,4,0,0,4,-8,PENDING_COUNT,APPROVED_RECOUNT_REQUIRED,HIGH_DRIFT_LOW_PHYSICAL_QTY
2432,2,[1383],"[1776, 5651]",null,1,9,0,0,9,-8,PENDING_COUNT,APPROVED_RECOUNT_REQUIRED,HIGH_DRIFT_LOW_PHYSICAL_QTY
2433,2,[1384],"[1777, 5652]",null,15,23,0,0,23,-8,PENDING_COUNT,APPROVED_RECOUNT_REQUIRED,HIGH_DRIFT_LOW_PHYSICAL_QTY
1661,3,[1441],"[2365, 4087]",null,144,152,0,0,152,-8,PENDING_COUNT,APPROVED_RECOUNT_REQUIRED,HIGH_DRIFT_LOW_PHYSICAL_QTY
2183,3,[1265],"[2456, 3490, 6028]",null,16,24,0,0,24,-8,PENDING_COUNT,APPROVED_RECOUNT_REQUIRED,HIGH_DRIFT_LOW_PHYSICAL_QTY
1739,3,[1168],[3446],null,24,32,0,0,32,-8,PENDING_COUNT,APPROVED_RECOUNT_REQUIRED,HIGH_DRIFT_LOW_PHYSICAL_QTY
1705,3,[1119],[3472],null,5,13,0,0,13,-8,PENDING_COUNT,APPROVED_RECOUNT_REQUIRED,HIGH_DRIFT_LOW_PHYSICAL_QTY
1941,3,[1419],[3577],null,0,8,0,0,8,-8,PENDING_COUNT,APPROVED_RECOUNT_REQUIRED,HIGH_DRIFT_LOW_PHYSICAL_QTY
2255,4,[820],"[688, 812, 912, 970, 2232, 2751, 4498, 4687, 6221]",null,8,16,0,0,16,-8,PENDING_COUNT,APPROVED_RECOUNT_REQUIRED,HIGH_DRIFT_LOW_PHYSICAL_QTY
2207,4,[617],"[707, 1048, 2781, 2917, 3108, 4319]",null,5,13,0,0,13,-8,PENDING_COUNT,APPROVED_RECOUNT_REQUIRED,HIGH_DRIFT_LOW_PHYSICAL_QTY
2292,2,[941],null,null,-8,0,0,0,0,-8,PENDING_COUNT,APPROVED_RECOUNT_REQUIRED,HIGH_DRIFT_LOW_PHYSICAL_QTY
1773,2,[1936],[5700],null,624,720,0,0,720,-96,PENDING_COUNT,APPROVED_RECOUNT_REQUIRED,HIGH_DRIFT_LOW_PHYSICAL_QTY
2694,2,[2214],null,null,-96,0,0,0,0,-96,PENDING_COUNT,APPROVED_RECOUNT_REQUIRED,HIGH_DRIFT_LOW_PHYSICAL_QTY
2700,2,[2215],null,null,-96,0,0,0,0,-96,PENDING_COUNT,APPROVED_RECOUNT_REQUIRED,HIGH_DRIFT_LOW_PHYSICAL_QTY
2696,2,[2216],null,[227],-120,0,24,0,-24,-96,PENDING_COUNT,APPROVED_RECOUNT_REQUIRED,HIGH_DRIFT_LOW_PHYSICAL_QTY
2702,2,[2217],null,null,-96,0,0,0,0,-96,PENDING_COUNT,APPROVED_RECOUNT_REQUIRED,HIGH_DRIFT_LOW_PHYSICAL_QTY
2541,2,[1789],[1712],[1229],-12,0,3,0,-3,-9,PENDING_COUNT,APPROVED_RECOUNT_REQUIRED,HIGH_DRIFT_LOW_PHYSICAL_QTY
2272,2,[1051],[1743],null,1011,1020,0,0,1020,-9,PENDING_COUNT,APPROVED_RECOUNT_REQUIRED,HIGH_DRIFT_LOW_PHYSICAL_QTY
1586,3,[1089],"[1874, 2419]",null,0,9,0,0,9,-9,PENDING_COUNT,APPROVED_RECOUNT_REQUIRED,HIGH_DRIFT_LOW_PHYSICAL_QTY
1696,3,[1448],"[3462, 6019]",null,12,21,0,0,21,-9,PENDING_COUNT,APPROVED_RECOUNT_REQUIRED,HIGH_DRIFT_LOW_PHYSICAL_QTY
1756,4,[722],"[993, 2091, 3825, 5951]",null,34,43,0,0,43,-9,PENDING_COUNT,APPROVED_RECOUNT_REQUIRED,HIGH_DRIFT_LOW_PHYSICAL_QTY
